PIC,SYARIKAT,KOD ITEM,TAJUK,NILAI ,Column 1,NO KONTRAK,TEMPOH KONTRAK,JENIS PEROLEHAN,TENDER,SEBUT HARGA,JENIS KONTRAK,STATUS,MULA KONTRAK,TAMAT KONTRAK,TEMPOH PENYEDIAAN DOKUMEN,Column 2,TARIKH TAMAT KONTRAK,TARIKH AKHIR PENYEDIAA SPESIFIKASI,HARI,STATUS,IKLAN,Column 3,MESYUARAT TEKNIKAL,Column 4,HANTAR LAPORAN TEKNIKAL KE PEROLEHAN
YUSNIZA,"TELUS MEDIK SDN BHD
",C54-08-01-01  (ITEM A),"TENDER UNTUK MEMBEKAL DAN MENGHANTAR BAHAN PAKAI HABIS ""DISPOSABLE INVASIVE HAEMODYNAMIC MONITORING KIT"" SECARA BERPERINGKAT UNTUK TEMPOH TIGA (3) TAHUN KE PPUKM

 - ITEM A :SINGLE LINE PRESSURE TRANSDUCER                                                           
","MYR258,000.00",,HCTM/B/15/2022,3 TAHUN,TENDER,1,,BARU,TAMAT,14/3/2022,13/03/2025,12,,13/03/2024,24/12/2024,79,,15/4/2025,,09/05/2025,1,29/05/2025
YUSNIZA,SERENE ACRES SDN BHD,C54-08-01-02 (ITEM B),"TENDER UNTUK MEMBEKAL DAN MENGHANTAR BAHAN PAKAI HABIS ""DISPOSABLE INVASIVE HAEMODYNAMIC MONITORING KIT"" SECARA BERPERINGKAT UNTUK TEMPOH TIGA (3) TAHUN KE PPUKM
                                                  
 - ITEM B : DOUBLE  LINE PRESSURE TRANSDUCER","MYR460,800.00",,HCTM/B/16/2022,3 TAHUN,TENDER,1,,BARU,TAMAT,14/03/2025,13/03/2025,12,,13/03/2024,24/12/2024,79,,15/4/2025,,09/05/2025,1,29/05/2025
YUSNIZA,"ELQUEST MEDIDENT 
SDN BHD","C52-42-02-01
C52-42-03-01","SEBUT HARGA UNTUK MEMBEKAL DAN MENGHANTAR BAHAN PAKAI HABIS “HIGH LEVEL DISINFECTANT FOR ENDOSCOPES AND MEDICAL DEVICES” SECARA BERPERINGKAT-PERINGKAT UNTUK TEMPOH DUA (2) TAHUN KEPADA HOSPITAL CANSELOR TUANKU MUHRIZ UKM DAN HOSPITAL TUNKU AMPUAN BESAR TUANKU AISHAH ROHANI, HOSPITAL PAKAR KANAK-KANAK UKM","MYR532,500.00",,HCTM/SH/B/129/2023,3 TAHUN,SEBUT HARGA,,1,LANJUT KONTRAK,AKTIF,04/07/2023,03/07/2026,9,,03/10/2025,01/04/2025,458,Dalam proses untuk permohonan penambahan kuantiti dan lanjut kontrak,,,,,
"YUSNIZA, NORA","ELQUEST MEDIDENT 
SDN BHD","C52-42-04-01
C52-42-04-02
C59-50-01-01",SEBUTHARGA UNTUK MEMBEKAL DAN MENGHANTAR BAHAN PAKAI HABIS DISINFECTANT AND DETERGENT SECARA BERPERINGKAT-PERINGKAT UNTUK TEMPOH DUA (2) TAHUN KEPADA HOSPITAL CANSELOR TUANKU MUHRIZ DAN HOSPITAL PAKAR KANAK-KANAK UKM,"MYR491,260.00",,HCTM/SH/B/155/2023,3 TAHUN,SEBUT HARGA,,1,LANJUT KONTRAK,AKTIF,04/09/2023,03/09/2025,9,,03/12/2024,06/01/2025,240,Dalam proses untuk permohonan penambahan kuantiti dan lanjut kontrak,,,,,
,,,,,,,,,,,,,,,,,,,,,,,,,
"FITRAH, AZIRA",ALAM MEDIK SDN BHD,C51-21-02-01,SEBUT HARGA UNTUK MEMBEKAL DAN MENGHANTAR BAHAN PAKAI HABIS  STERILE IV ADDITIVE DISPENSING PIN  SECARA BERPERINGKAT-PERINGKAT UNTUK TEMPOH TIGA (3) TAHUN KE HCTM,"MYR230,400.00",,HCTM/SH/B/163/2021,3 TAHUN,SEBUT HARGA,,1,BARU,AKTIF,10/01/2022,09/01/2025,9,,09/04/2024,13/11/2024,57,MESY PENYEDIAAN SPESIFIKASI KEDUA PADA 26/01/2025,,,,,
FITRAH,PHARMANIAGA LOGISTICS SDN BHD,C52-27-01-01,"TENDER  MEMBEKAL DAN MENGHANTAR BAHAN PAKAI HABIS “PROBE COVERS FOR EAR THERMOMETER” SECARA BERPERINGKAT-PERINGKAT UNTUK TEMPOH DUA (2) TAHUN KE HOSPITAL CANSELOR TUANKU MUHRIZ (HCTM) DAN HOSPITAL TUNKU AMPUAN BESAR TUANKU AISHAH ROHANI, HOSPITAL PAKAR KANAK-KANAK UKM (HPKK)","MYR460,000.00",,HCTM/SH/B/134/2023,3 TAHUN,TENDER,1,,BARU,TAMAT,27/06/2023,26/06/2025,12,,26/06/2024,21/02/2025,125,"25/9/2024 - Hantar surat penamaan jawatankuasan kepada PTj
13/11/2024 - Mesyuarat Penyediaan Spesifikasi
(Pengerusi mohon untuk melihat kuantiti penggunaan yang sebenar kerana penggunaan di wad-wad kurang sesuai/kurang efisyen)
26/1/2025 - Mesyuarat kali ke 2 untuk penyediaan spesifikasi
4/6/2025-mesyuarat penyediaan spesifikasi semula
3/7/2025- Mesyuarat Pengesahan Spesifikasi
- Iklan Sebut Harga.
- Terima sampel dari Bahagian Perolehan.
- Mesy Penilaian Teknikal.
- Hantar Laporan Penilaian Teknikal.
- Mesyuarat Pemilihan Sebut Harga.",,,,,
SURIA,NIK HEALTHCARE SDN BHD,C58-17-02-01,"TENDER MEMBEKAL DAN MENGHANTAR BAHAN PAKAI HABIS GUNASAMA ""PAPER HAND TOWEL"" SECARA BERPERINGKAT-PERINGKAT UNTUK TEMPOH TIGA (3) TAHUN KEPADA HCTM","MYR2,004,975.00",,HCTM/B/106/2022,3 TAHUN,TENDER,1,,BARU,AKTIF,01/10/2022,30/09/2025,12,,30/09/2024,18/06/2025,104,,30/7/2025,,27/08/2025,1,
SURIA,QAS MAJU TRADING,"1. C57-05-01-03
2. C57-05-01-04
3. C57-05-01-06","MEMBEKAL DAN MENGHANTAR BAHAN PAKAI HABIS GUNASAMA ""VARIOUS LDPE PLASTIC BAG"" SECARA BERPERINGKAT-PERINGKAT UNTUK TEMPOH DUA (2) TAHUN KEPADA HCTM.
ITEM 1 : BIOHAZARD SPECIMEN PLASTIC BAGS  ITEM 2 : LDPE PLASTIC BAG SIZE S, ITEM 3 : SIZE M, ITEM 4 : SIZE L","MYR145,000.00",,HCTM/SH/B/103/2023,2 TAHUN,SEBUT HARGA,,1,BARU,TAMAT,01/06/2023,31/05/2025,9,,31/08/2024,21/05/2025,10,MESY PENYEDIAAN SPESIFIKASI KEDUAPADA 12/6/2025,,,,,
"SURIA, MALA",WANPOW INDUSTRIES SDN BHD,"1. C56-12-01-01
2. O56-03-01-01 
3. O56-03-01-02","MEMBEKAL, MENCETAK DAN MENGHANTAR BAHAN PAKAI HABIS GUNASAMA ""BIOHAZARD PLASTIC BAG 6IN X 6IN AND LDPE PLASTIC BAG WITH TEMPER ZIPP"" SECARA BERPERINGKAT-PERINGKAT UNTUK TEMPOH DUA (2) TAHUN KEPADA HCTM & HPKK. ITEM 1 : BIOHAZARD SPECIMEN PLASTIC BAGS  ITEM 2 : LDPE PLASTIC BAG WITH TEMPER ZIPP SIZE S, ITEM 3 : LDPE PLASTIC BAG WITH TEMPER ZIPP SIZE L","MYR117,620.00",,HCTM/SH/B/226/2023,2 TAHUN,SEBUT HARGA,,1,BARU,AKTIF,27/11/2023,26/11/2025,9,,26/02/2025,21/05/2025,189,MESY PENYEDIAAN SPESIFIKASI KEDUAPADA 12/6/2025,,,,,
YUSNIZA,BROADWAY MEDICAL SDN BHD,"ITEM 1  :  C55-20-01-01
ITEM 2  : 
ITEM 3  :
ITEM 4  :
ITEM 5  :
ITEM 6  :","""TENDER MEMBEKAL DAN MENGHANTAR BAHAN PAKAI HABIS CLOSED SUCTION CATHETER SECARA BERPERINGKAT-PERINGKAT UNTUK TEMPOH TIGA (3) TAHUN KE HCTM
  ITEM 1 : CLOSED SUCTION CATHETER SIZE 12FR (ADULT)
  ITEM 2 : CLOSED SUCTION CATHETER SIZE 5FR (PEAD)
  ITEM 3 : CLOSED SUCTION CATHETER SIZE 6FR (PEAD)
  ITEM 4 : CLOSED SUCTION CATHETER SIZE 7FR (PEAD)
  ITEM 5 : CLOSED SUCTION CATHETER SIZE 8FR (PEAD)
  ITEM 6 : CLOSED SUCTION CATHETER SIZE 10FR (PEAD)
""","MYR583,200.00",,HCTM/B/63/2022,3 TAHUN,TENDER,1,,BARU,TAMAT,1/7/2022,30/06/2025,12,,30/06/2024,21/5/2025,40,"Lanjut tempoh kontrak sehingga  Jun 2025.
KUANTITI KONTRAK HABIS.",12/6/2025,,12/07/2025,,29/07/2025
YUSNIZA,ALAM MEDIK SDN BHD,"1) C53-09-01-08  (ITEM 1) 
2) C53-09-01-14  (ITEM 2)
3) C53-09-03-01  (ITEM 3)
4) C53-09-02-01  (ITEM 4)","TENDER MEMBEKAL DAN MENGHANTAR BAHAN PAKAI HABIS PELBAGAI JENIS “ SYRINGE” SECARA BERPERINGKAT-PERINGKAT UNTUK TEMPOH TIGA 3 (TAHUN) KEPADA HOSPITAL CANSELOR TUANKU MUHRIZ (HCTM)
 
 ITEM 1  :  DISPOSABLE SYRINGE 1ML LUER LOCK 
 ITEM 2  :  DISPOSABLE SYRINGE 30ML LUER LOCK
 ITEM 3  :  DISPOSABLE SYRINGE PERFUSOR 50ML LUER LOCK
 ITEM 4  :  DISPOSABLE SYRINGE INSULIN 1ML","MYR1,557,842.00",,HCTM/B/178/2022,3 TAHUN,TENDER,1,,BARU,AKTIF,13/10/2022,12/10/2025,12,,12/10/2024,17/7/2025,87,,,,,,
YUSNIZA,ZETA TEKNIK,C53-09-05-01 (ITEM 5),DISPOSABLE SYRINGE CATHETER TIP 50ML,"MYR64,800.00",,HCTM/B/177/2022,3 TAHUN,TENDER,,,,,,,,,,,,,,,,,
SURIA,KENANGA NETWORK SDN BHD,"C57-02-01-01
C57-02-01-02
C57-02-01-03
C57-02-02-01
C57-02-02-02
C57-02-02-03
C57-02-03-01
C57-02-03-02
C57-02-03-03","SEBUTHARGA UNTUK MEMBEKAL DAN MENGHANTAR BAHAN PAKAI HABIS  PELBAGAI JENIS  DAN SAIZ “FOLEY CATHETER” SECARA BERPERINGKAT-PERINGKAT UNTUK TEMPOH TIGA (3) TAHUN KEPADA HCTM & HPKK
-STANDARD ITEM; SILICON COATED","MYR24,903.00",,SST202200188,3 TAHUN,SEBUT HARGA,,1,BARU,TAMAT,25/5/2022,24/05/2025,9,,24/08/2024,18/2/2025,95,,,,,,
LAIN-LAIN,SKY MEDIC SDN BHD,"C57-02-01-01
C57-02-01-02
C57-02-01-03
C57-02-02-01
C57-02-02-02
C57-02-02-03
C57-02-03-01
C57-02-03-02
C57-02-03-03","SEBUTHARGA UNTUK MEMBEKAL DAN MENGHANTAR BAHAN PAKAI HABIS  PELBAGAI JENIS  DAN SAIZ “FOLEY CATHETER” SECARA BERPERINGKAT-PERINGKAT UNTUK TEMPOH TIGA (3) TAHUN KEPADA HCTM & HPKK
-STANDARD ITEM; SILICON COATED","MYR136,800.00",,SST202200189,3 TAHUN,SEBUT HARGA,,,BARU,TAMAT,,,,,,,,,,,,,
NORA,PRIMABUMI SDN BHD,"PART A : 
SINGLE USE HYDROGEL SURGICAL SEALANT :
B. 4ML - C59-41-01-03 (COSEAL)

PART B : 
SINGLE USE HEMOSTATIC AGENT : 
A. 5ML / 5GM - C59-42-01-01 (FLOSEAL)","TENDER UNTUK MEMBEKAL DAN MENGHANTAR BAHAN PAKAI HABIS ""SINGLE USE SURGICAL SEALANT, HEMOSTATIC AGENT AND DURAL SUBSTITUTE"" SECARA BERPERINGKAT-PERINGKAT UNTUK TEMPOH DUA (2) TAHUN KEPADA HOSPITAL CANSELOR TUANKU MUHRIZ","MYR790,000.00",,HCTM/B/104/2023,2 TAHUN,TENDER,1,,BARU,TAMAT,20/7/2023,19/07/2025,12,,19/07/2024,,,"DIURUSKAN OLEH PERKHIDMATAN DEWAN BEDAH, HCTM.",,,,,
NORA,ALAM MEDIK SDN BHD,"PART C : 
SINGLE USE DURAL SUBSTITUTE :
A. 1 INCH X 1 INCH - C59-43-01-01 (DURAGEN 1 X 1)

SINGLE USE DURAL SUBSTITUTE :
B. 2 INCH X 2 INCH -  C59-43-01-02 (DURAGEN 2 X 2)","TENDER UNTUK MEMBEKAL DAN MENGHANTAR BAHAN PAKAI HABIS ""SINGLE USE SURGICAL SEALANT, HEMOSTATIC AGENT AND DURAL SUBSTITUTE"" SECARA BERPERINGKAT-PERINGKAT UNTUK TEMPOH DUA (2) TAHUN KEPADA HOSPITAL CANSELOR TUANKU MUHRIZ","MYR420,000.00",,HCTM/B/105/2023,2 TAHUN,TENDER,,,BARU,TAMAT,20/7/2023,19/07/2025,12,,19/07/2024,,,"DIURUSKAN OLEH PERKHIDMATAN DEWAN BEDAH, HCTM.",,,,,
NORA,TM MED SDN BHD,"PART C : 
SINGLE USE DURAL SUBSTITUTE :
A. 1 INCH X 1 INCH - C59-43-01-01 (DURAGEN 1 X 1 - GENERAL / ORTHO)","TENDER UNTUK MEMBEKAL DAN MENGHANTAR BAHAN PAKAI HABIS ""SINGLE USE SURGICAL SEALANT, HEMOSTATIC AGENT AND DURAL SUBSTITUTE"" SECARA BERPERINGKAT-PERINGKAT UNTUK TEMPOH DUA (2) TAHUN KEPADA HOSPITAL CANSELOR TUANKU MUHRIZ","MYR63,375.00",,HCTM/B/102/2023,2 TAHUN,TENDER,,,BARU,TAMAT,20/7/2023,19/07/2025,12,,19/07/2024,,,"DIURUSKAN OLEH PERKHIDMATAN DEWAN BEDAH, HCTM.",,,,,
NORA,NS UNGGUL SDN BHD,"PART C : 
SINGLE USE DURAL SUBSTITUTE :
B. 2 INCH X 2 INCH -  C59-43-01-02 (DURAGEN 2 X 2 - GENERAL/ ORTHO)","TENDER UNTUK MEMBEKAL DAN MENGHANTAR BAHAN PAKAI HABIS ""SINGLE USE SURGICAL SEALANT, HEMOSTATIC AGENT AND DURAL SUBSTITUTE"" SECARA BERPERINGKAT-PERINGKAT UNTUK TEMPOH DUA (2) TAHUN KEPADA HOSPITAL CANSELOR TUANKU MUHRIZ","MYR93,750.00",,HCTM/B/103/2023,2 TAHUN,TENDER,,,BARU,TAMAT,20/7/2023,19/07/2025,12,,19/07/2024,,,"DIURUSKAN OLEH PERKHIDMATAN DEWAN BEDAH, HCTM.",,,,,
YUSNIZA,ALAM MEDIK SDN BHD, C54-02-04-05,"
TENDER MEMBEKAL DAN MENGHANTAR BAHAN PAKAI HABiS "" DISPOSABLE BREATHING CIRCUIT FOR MECHANICAL VENTILATOR"" SECARA BERPERINGKAT UNTUK TEMPOH 3 TAHUN KEPADA HCTM","MYR359,100.00",,HCTM/SH/B/168/2022,3 TAHUN,TENDER,1,,BARU,AKTIF,21/11/2022,20/11/2025,12,,20/11/2024,10/10/2024,406,,,,,,
YUSNIZA,NS UNGGUL SDN BHD,C54-02-04-06,"
TENDER MEMBEKAL DAN MENGHANTAR BAHAN PAKAI HABiS "" DISPOSABLE BREATHING CIRCUIT FOR MECHANICAL VENTILATOR"" SECARA BERPERINGKAT UNTUK TEMPOH 3 TAHUN KEPADA HCTM","MYR375,840.00",,HCTM/B/169/2022,3 TAHUN,TENDER,,,BARU,AKTIF,21/11/2022,20/11/2025,12,,20/11/2024,10/10/2024,406,MDA TELAH EXPIRED. KONTRAK DITAMATKAN. BELIAN TERUS. AKAN COMBINE DGN FLEXTUBE YG MASIH TUNGGU SPEKS.,,,30/04/2025,1,
MAISARAH,PHARMANIAGA LOGISTICS SDN BHD,"C51-01-01-01
HYPAFIX","
NEW ITEM/ NEW CONTRACT - BEFORE : APPL (Last APPL  2022)

SEBUT HARGA UNTUK MEMBEKAL DAN MENGHANTAR BAHAN PAKAI HABIS ""PELBAGAI PLASTER ADHESIVE"" SECARA BERPERINGKAT-PERINGKAT UNTUK TEMPOH DUA (2) TAHUN KEPADA HOSPITAL CANSELOR TUANKU MUHRIZ (HCTM) DAN HOSPITAL PAKAR KANAK – KANAK (HPKK)","MYR237,800.00",,HCTM/SH/B/36/2024,2 TAHUN,SEBUT HARGA,,1,BARU,TAMAT,25/4/2023,24/04/2025,9,,24/07/2024,7/1/2025,107,,27/3/2025,,05/05/2025,,03/06/2025
MAISARAH,INTANIAGA SDN BHD,"C53-09-01-01         SYRINGE DISPOSABLE 1 ML LUER SLIP
 C53-09-01-02         SYRINGE DISPOSABLE 2-3 ML LUER SLIP
C53-09-01-04         SYRINGE DISPOSABLE 10 ML LUER SLIP
C53-09-01-06         SYRINGE DISPOSABLE 50 ML LUER SLIP
C53-09-01-07         SYRINGE DISPOSABLE 20 ML LUER SLIP","NO SEBUT HARGA:
SEBUT HARGA  UNTUK MEMBEKAL DAN MENGHANTAR BAHAN PAKAI HABIS PELBAGAI SAIZ “DISPOSABLE SYRINGE LUER SLIP” SECARA BERPERINGKAT-PERINGKAT UNTUK TEMPOH SATU (1) TAHUN KE HOSPITAL CANSELOR TUANKU MUHRIZ ","MYR427,600.00",,HCTM/SH/B/36/2024,1 TAHUN,SEBUT HARGA,,1,BARU,TAMAT,19/2/2024,18/02/2025,9,,18/05/2024,,45706,,,,,,
MAISARAH,ZETA TEKNIK SDN BHD,C53-09-01-03        SYRINGE DISPOSABLE 5 ML LUER SLIP,,"MYR65,740.00",,HCTM/SH/B/37/2024,1 TAHUN,SEBUT HARGA,,,BARU,TAMAT,19/2/2024,18/02/2025,9,,18/05/2024,,45706,,,,,,
MAISARAH,BIO UNIVERSAL MED SDN BHD,"PART A- 
C57-03-01-01 GLOVES SURGICAL LATEX STERILE 5.5 (powdered) 
C57-03-01-02 GLOVES SURGICAL LATEX STERILE 6.0 (powdered)
C57-03-01-03 GLOVES SURGICAL LATEX STERILE 6.5 (powdered) 
 C57-03-01-04 GLOVES SURGICAL LATEX STERILE 7.0 (powdered) 
C57-03-01-05 GLOVES SURGICAL LATEX STERILE 7.5 (powdered) 
C57-03-01-06 GLOVES SURGICAL LATEX STERILE 8.0 (powdered","SEBUT HARGA NO. 
SEBUT HARGA UNTUK MEMBEKAL DAN MENGHANTAR BAHAN PAKAI HABIS GLOVE SURGICAL LATEX STERILE (POWDERED) SECARA BERPERINGKAT-PERINGKAT UNTUK TEMPOH SATU (1) TAHUN KEPADA HOSPITAL CANSELOR TUANKU MUHRIZ (HCTM) UKM
","MYR395,580.00",,HCTM/SH/B/31/2024,1 TAHUN,SEBUT HARGA,,1,BARU,TAMAT,20/2/2024,25/02/2025,9,,25/05/2024,,45713,Menggunakan item APPL,,,,,
MAISARAH,KENANGA NETWORK SDN BHD,"PART B- 
C59-17-01-02 GLOVES NON POWDER SIZE 6 (OT SHJ)
C59-17-01-03 GLOVES NON POWDER SIZE 6.5 (OT SHJ)
C59-17-01-04 GLOVES NON POWDER SIZE 7 (OT SHJ)
C59-17-01-05 GLOVES NON POWDER SIZE 7.5 (OT SHJ) 
C59-17-01-06 GLOVES NON POWDER SIZE 8 (OT SHJ)","SEBUT HARGA NO. 
SEBUT HARGA UNTUK MEMBEKAL DAN MENGHANTAR BAHAN PAKAI HABIS GLOVE SURGICAL LATEX STERILE (POWDER FREE) SECARA BERPERINGKAT-PERINGKAT UNTUK TEMPOH SATU (1) TAHUN KEPADA HOSPITAL CANSELOR TUANKU MUHRIZ (HCTM) UKM","MYR79,790.00",,HCTM/SH/B/2/2024,1 TAHUN,SEBUT HARGA,,1,BARU,TAMAT,22/1/2024,21/01/2025,9,,21/04/2024,,45678,"1) KONTRAK APPL UNTUK SAIZ 6, 6.5, 7 DAN 8 SAHAJA
2) KONTRAK APPL SEMASA TIDAK MENAWARKAN SAIZ 5.5 & 7.5
3) KONTRAK DITERUSKAN UNTUK TEMPOH SETAHUN
4) MASIH MENUNGGU DOKUMEN SST DARI SYARIKAT YANG TERPILIH",,,,,05/11/2024
SURIA,KENANGA NETWORK SDN BHD,"C51-05-02-04        BANDAGE CREPE 15CM (6 INCHI)
C51-05-03-01        BANDAGE ELASTIC ADHESIVE 2.5CM
C51-05-03-02        BANDAGE ELASTIC ADHESIVE 6 CM
C51-05-03-04        BANDAGE ELASTIC ADHESIVE 10CM","NO SEBUT HARGA:
SEBUT HARGA  UNTUK MEMBEKAL DAN MENGHANTAR BAHAN PAKAI HABIS "" PELBAGAI SAIZ BANDAGE” SECARA BERPERINGKAT-PERINGKAT UNTUK TEMPOH SATU (1) TAHUN KE HOSPITAL CANSELOR TUANKU MUHRIZ ","MYR16,889.40",,HCTM/SH/B/87/2024,1 TAHUN,SEBUT HARGA,,1,BARU,TAMAT,15/4/2024,14/04/2025,9,,14/07/2024,7/11/2024,158,,28/3/2025,,02/05/2025,,21/05/2025
MAISARAH,PHARMANIAGA SDN BHD,"C51-05-04-01              BANDAGE POP SIZE 10CM X 2.7M
C51-05-05-02        BANDAGE POP SIZE 15CM X 2.7M
C51-05-05-03        BANDAGE POP SIZE 20CM X 2.7M

",,"MYR58,260.00",,HCTM/SH/B/88/2024,1 TAHUN,SEBUT HARGA,,,BARU,TAMAT,15/4/2024,14/04/2025,,,,,,,,,,,
MAISARAH,TERAJU FARMA SDN BHD,"PART B - C53-03-01-07        INTRAVENOUS CATHETER (SAFETY TECHNOLOGY SYSTEM SIZE 14G)
C53-03-01-08        INTRAVENOUS CATHETER (SAFETY TECHNOLOGY SYSTEM SIZE 16G)
C53-03-01-09        INTRAVENOUS CATHETER (SAFETY TECHNOLOGY SYSTEM SIZE 18G)
C53-03-01-10        INTRAVENOUS CATHETER (SAFETY TECHNOLOGY SYSTEM SIZE 20G)
C53-03-01-11        INTRAVENOUS CATHETER (SAFETY TECHNOLOGY SYSTEM SIZE 22G)","NO SEBUT HARGA:
SEBUT HARGA  UNTUK MEMBEKAL DAN MENGHANTAR BAHAN PAKAI HABIS PELBAGAI SAIZ “DISPOSABLE INTRAVENOUS CATHETER” SECARA BERPERINGKAT-PERINGKAT UNTUK TEMPOH SATU (1) TAHUN KE HOSPITAL CANSELOR TUANKU MUHRIZ ","MYR144,000.00",,HCTM/SH/B/154/2024,1 TAHUN,SEBUT HARGA,,1,BARU,TAMAT,5/8/2024,04/08/2025,9,,04/11/2024,28/2/2025,157,8/1/25-Kuantiti saiz 20G dah habis. Sedia surat penamaan segera utk 2 tahun.,,,,,
MAISARAH,TM MED SDN BHD,"
C55-01-01-02
","NEW ITEM/ NEW CONTRACT - BEFORE : APPL (Last APPL - Feb 2022)

SEBUT HARGA UNTUK MEMBEKAL DAN MENGHANTAR BAHAN PAKAI HABIS “BLOOD ADMINISTRATION SET (NEEDLE FREE)” SECARA BERPERINGKAT-PERINGKAT UNTUK TEMPOH DUA (2) TAHUN KEPADA HOSPITAL CANSELOR TUANKU MUHRIZ (HCTM) DAN HOSPITAL PAKAR KANAK – KANAK (HPKK)","MYR244,800.00",,HCTM/SH/B/44/2021,2 TAHUN,SEBUT HARGA,,1,PERLANJUTAN,AKTIF,27/3/2025,26/03/2026,9,,27/3/2025,7/1/2025,443,"11/12/2024 - Surat permohonan perlanjutan ke Bahagian Perolehan
7/02/2025 - Terima surat kelulusan pelanjutan kontrak dari Bahagian Perolehan
Tempoh kontrak asal : 27/3/2023 - 26/3/2025
Lanjut kontrak : 27/3/2025 - 26/3/2026",,,,,
SURIA,ANUGERAH SAINTIFIK SDN BHD,"C56-02-01-01, C56-02-04-01, C56-02-02-01",SEBUT HARGA MEMBEKAL DAN MENGHANTAR BAHAN PAKAI HABIS URINE TEST STRIPS SECARA REAGENT RENTAL BERPERINGKAT-PERINGKAT UNTUK TEMPOH TIGA (3) TAHUN KE HCTM,"MYR344,515.00",,HCTM/SH/B/44/2021,3 TAHUN,SEBUT HARGA,,1,BARU,TAMAT,4/4/2022,03/04/2025,9,,03/07/2024,7/1/2025,86,,10/4/2025,,06/05/2025,,20/05/2025
SYAFIKAH,,C59,SEBUT HARGA MEMBEKAL DAN MENGHANTAR BAHAN PAKAI HABIS FRAZIER SUCTION,,,,,,,1,BARU,,,12/11/2025,9,,12/02/2025,7/1/2025,309,,,,,,
MALA,STRADE (M) SDN BHD,S53-01-01-01,SEBUT HARGA UNTUK MEMBEKAL DAN MENGHANTAR KERTAS A4 PUTIH SECARA BERPERINGKAT-PERINGKAT UNTUK TEMPOH LIMA (5) BULAN KEPADA HOSPITAL CANSELOR TUANKU MUHRIZ UKM,"MYR75,066.00",,HCTM/SH/B/117/2024,5 BULAN,SEBUT HARGA,,1,SEMENTARA,TAMAT,2/12/2024,01/05/2025,,PEROLEHAN (IKLAN),01/05/2025,,45778,,,,,,
MALA,NUSA ENERGI IT SDN BHD,S54-03-24-01 (Canon 057H),TENDER MEMBEKAL DAN MENGHANTAR DAKWAT PENCETAK SECARA BERPERINGKAT-PERINGKAT UNTUK TEMPOH LAPAN (8) BULAN KEPADA HCTM,"MYR367,200.00",,HCTM/SH/B/117/2024,8 BULAN ,SEBUT HARGA,,1,BARU,TAMAT,29/5/2024,28/01/2025,,,28/01/2025,,,,,,,,
MALA,GEO BILD (M) SDN BHD,S54-03-24-01 (Canon 057H),TENDER MEMBEKAL DAN MENGHANTAR DAKWAT PENCETAK SECARA BERPERINGKAT-PERINGKAT UNTUK TEMPOH SEPULUH(10) BULAN KEPADA HCTM,"MYR436,800.00",,,10 BULAN ,SEBUT HARGA,,1,BARU,AKTIF,,,,,30/12/1899,,,,,,,,
FITRAH,ALAM MEDIK SDN BHD,C51-21-02-01,"SEBUT HARGA MEMBEKAL DAN MENGHANTAR BAHAN PAKAI HABIS ""HYPER OXYGENATED OIL OF ESSENTIAL FATTY ACIDS"" SECARA BERPERINGKAT-PERINGKAT UNTUK TEMPOH TIGA TAHUN (3) TAHUN KEPADA PPUKM  LINOVERA","230,400.00",,NETSS202100158,3 TAHUN,SEBUT HARGA,,1,BARU,TAMAT,10/1/2022,9/1/2025,,,01/09/2025,,,"26/12/2024 - Hantar penamaan jawatankuasa kepada PTj
21/02/2025 - Hantar penamaan jawatankuasa kepada Bahagian Perolehan
13/2/2025 - Mesyuarat Penyediaan Spesifikasi
03/04/2025 -  Hantar speks ke Bahagian Perolehan.
21/5/2025 - Mesyuarat Pengesahan Spesifikasi.
- Iklan Sebut Harga.
- Terima sampel dari Bahagian Perolehan.
- Mesy Penilaian Teknikal.
- Hantar Laporan Penilaian Teknikal.
- Mesyuarat Pemilihan Sebut Harga.",,,21/5/2025 - Mesyuarat Pengesahan Spesifikasi.,,13/2/2025 - Mesyuarat Penyediaan Spesifikasi
YUSNIZA,TELUS MEDIK SDN BHD,"C55-09-01-01  
(ITEM A)
- ITEM A : TUBING SET WITH NEEDLE ACCESS
  
C55-09-02-01  
(ITEM B)
- ITEM B : TUBING SET TRANSPARENT WITH LIGHT PROTECTION ","SEBUTHARGA UNTUK MEMBEKAL, MENGHANTAR, 
BAHAN PAKAI HABIS ""INFUSION TUBING SET"" 
SECARA BERPERINGKAT UNTUK TEMPOH  
DUA (2) TAHUN KPD PPUKM
","693,240.00",,HCTM/B/178/2023,2 TAHUN,SEBUT HARGA,,1,BARU,AKTIF,18/12/2023,17/12/2026,9,17/03/2026,,46373,,,,,,,
YUSNIZA,"1. PRIMED MEDICAL SDN BHD
2. ALAM MEDIK SDN BHD
","1. ENDO TRACHEAL TUBE CUFFED SIZE
 - SAIZ 7.0 MM  (C54-02-01-08)
- SAIZ 7.5 MM   (C54-02-01-09)


2. ENDO TRACHEAL TUBE UNCUFFED PLAIN 
- SAIZ 2.5 MM  (C54-02-01-01)

","SEBUT HARGA UNTUK MEMBEKAL DAN MENGHANTAR BAHAN PAKAI HABIS PELBAGAI SIZE ENDOTRACHEAL TUBE” SECARA
BERPERINGKAT-PERINGKAT UNTUK TEMPOH TIGA (3) TAHUN KE HOSPITAL CANSELOR TUANKU MUHRIZ (HCTM)","1.94,850.00
2.  9,350.00
",,"1. HCTM/SH/B/158/2023 
2. HCTM/SH/B/159/2023
",3 TAHUN,SEBUT HARGA,,1,BARU,AKTIF,08/07/2023,08/06/2026,9,08/09/2025,,46181,,,,,,,
YUSNIZA,ALAM MEDIK,"C53-08-01-03
SPINAL NEEDLE 23 G X 3 ½ IN
C53-08-01-05
SPINAL NEEDLE 26 G X 3 ½ IN
C53-08-01-06
SPINAL NEEDLE 27 G X 3 ½ IN","TENDER UNTUK MEMBEKAL DAN MENGHANTAR BAHAN PAKAI HABIS MEDICAL AND SURGICAL DISPOSABLE NEEDLE SECARA BERPERINGKAT-PERINGKAT UNTUK TEMPOH TIGA (3) TAHUN KEPADA HOSPITAL CANSELOR TUANKU MUHRIZ, UKM DAN HOSPITAL TUNKU AMPUAN BESAR TUANKU AISHAH ROHANI, 
HOSPITAL PAKAR KANAK-KANAK UKM","3,515.00",,HCTM/B/173/2023,3 TAHUN,TENDER,1,,BARU,AKTIF,15/12/2023,14/12/2026,12,14/12/2025,,46370,,,,,,,
YUSNIZA,TM MED,"  C53-01-01-01 
 C53-04-01-01
C53-08-01-01 
(habis qty)
C53-08-01-02 
(habis qty)
C53-08-01-04 
(habis qty)
C53-08-02-01
C53-08-01-07
",,"438,574.00",,HCTM/B/174/2023,3 TAHUN,TENDER,1,,BARU,AKTIF,15/12/2023,14/12/2026,12,14/12/2025,,46370,,,,,,,
YUSNIZA,M.S. ALLY PHARMA SDN BHD,"C52-42-02-01
ORTHO-PHTHALALDEHYDE 0.55% SOLUTION 3.8L (CIDEX OPA)
item non-std endoskopi

",SEBUTHARGA UNTUK MEMBEKAL DAN MENGHANTAR BAHAN PAKAI HABIS HIGH LEVEL DISINFECTANT SECARA BERPERINGKAT-PERINGKAT UNTUK TEMPOH TIGA (3) TAHUN KEPADA HOSPITAL CANSELOR TUANKU MUHRIZ UKM,"122,400.00",,HCTM/SH/B/131/2023,3 TAHUN,SEBUT HARGA,,1,BARU,AKTIF,27/06/2023,26/06/2026,9,26/09/2025,,,,,,,,,
SURIA,MEDICO SDN BHD,C52-12-01-07,TENDER MEMBEKAL DAN MENGHANTAR BAHAN PAKAI HABIS PELBAGAI JENIS UNDERPAD DAN DIAPER SECARA BERPERINGKAT-PERINGKAT UNTUK TEMPOH (3) TAHUN KE HOSPITAL CANSELOR TUANKU MUHRIZ (HCTM) DAN HOSPITAL PAKAR KANAK-KANAK (HPKK),"395,208.00",,HCTM/B/30/2023,3 TAHUN,TENDER,1,,BARU,AKTIF,23/03/2023,22/03/2026,12,22/03/2025,,46103,,,,,,,
SURIA,QUALITY REPUTATION,"C52-12-01-08
C58-11-01-01",TENDER MEMBEKAL DAN MENGHANTAR BAHAN PAKAI HABIS PELBAGAI JENIS UNDERPAD DAN DIAPER SECARA BERPERINGKAT-PERINGKAT UNTUK TEMPOH (3) TAHUN KE HOSPITAL CANSELOR TUANKU MUHRIZ (HCTM) DAN HOSPITAL PAKAR KANAK-KANAK (HPKK),"262,892.00",,HCTM/B/29/2023,3 TAHUN,TENDER,,,BARU,AKTIF,23/03/2023,22/03/2026,12,22/03/2025,,46103,,,,,,,
SURIA,COMMERMEGA SDN BHD,"C58-11-01-03
C58-11-01-02",TENDER MEMBEKAL DAN MENGHANTAR BAHAN PAKAI HABIS PELBAGAI JENIS UNDERPAD DAN DIAPER SECARA BERPERINGKAT-PERINGKAT UNTUK TEMPOH (3) TAHUN KE HOSPITAL CANSELOR TUANKU MUHRIZ (HCTM) DAN HOSPITAL PAKAR KANAK-KANAK (HPKK),"5,756.00",,HCTM/B/32/2023,3 TAHUN,TENDER,,,BARU,AKTIF,23/03/2023,22/03/2026,12,22/03/2025,,46103,,,,,,,
SURIA,TERAJU FARMA SDN BHD,C58-22-01-01,TENDER MEMBEKAL DAN MENGHANTAR BAHAN PAKAI HABIS PELBAGAI JENIS UNDERPAD DAN DIAPER SECARA BERPERINGKAT-PERINGKAT UNTUK TEMPOH (3) TAHUN KE HOSPITAL CANSELOR TUANKU MUHRIZ (HCTM) DAN HOSPITAL PAKAR KANAK-KANAK (HPKK),"63,840.00",,HCTM/B/31/2023,3 TAHUN,TENDER,,,BARU,AKTIF,23/03/2023,22/03/2026,12,22/03/2025,,46103,,,,,,,
FITRAH,OMBAK INTELEK SDN BHD,"C51-18-01-01
C51-18-01-03","TENDER MEMBEKAL DAN MENGHANTAR BAHAN PAKAI HABIS VARIUOS IV SITE CATHETER FIXATION TRANSPARENT DRESSING SECARA BERPERINGKAT-PERINGKAT UNTUK TEMPOH TIGA (3) TAHUN KE HOSPITAL CANSELOR TUANKU MUHRIZ UKM DAN HOSPITAL TUNKU AMPUAN BESAR TUANKU AISHAH ROHANI, HOSPITAL PAKAR KANAK-KANAK UKM
ITEM 1 : I/V SITE CATHETER FIXATION TRANSPARENT DRESSING 5CM X 6CM
ITEM 2 : I/V SITE CATHETER FIXATION TRANSPARENT DRESSING 7CM X 9CM","462,889.00",,HCTM/B/179/2023,3 TAHUN,SEBUT HARGA,,1,BARU,AKTIF,21/12/2023,20/12/2026,9,20/03/2026,,46376,"/12/2025- Hantar penamaan jawatankuasa kepada PTj
- Hantar penamaan jawatankuasa kepada Bahagian Perolehan
- Mesyuarat Penyediaan Spesifikasi
-  Hantar speks ke Bahagian Perolehan.
 - Mesyuarat Pengesahan Spesifikasi.
- Iklan Sebut Harga.
- Terima sampel dari Bahagian Perolehan.
- Mesy Penilaian Teknikal.
- Hantar Laporan Penilaian Teknikal.
- Mesyuarat Pemilihan Sebut Harga.",,,,,,
FITRAH,PANCARAN MEDIK (M) SDN BHD,C51-18-01-04,"TENDER MEMBEKAL DAN MENGHANTAR BAHAN PAKAI HABIS VARIUOS IV SITE CATHETER FIXATION TRANSPARENT DRESSING SECARA BERPERINGKAT-PERINGKAT UNTUK TEMPOH TIGA (3) TAHUN KE HOSPITAL CANSELOR TUANKU MUHRIZ UKM DAN HOSPITAL TUNKU AMPUAN BESAR TUANKU AISHAH ROHANI, HOSPITAL PAKAR KANAK-KANAK UKM
ITEM 3 : SIZE 10CM X 12CM ","84,960.00",,HCTM/B/180/2023,3 TAHUN,SEBUT HARGA,,1,BARU,AKTIF,21/12/2023,20/12/2026,9,20/03/2026,,46376,,,,,,,
FITRAH,ZETA TEKNIK SDN BHD,C52-32-03-01,"TENDER  MEMBEKAL DAN MENGHANTAR BAHAN PAKAI HABIS “SUCTION CONNECTING TUBING” SECARA BERPERINGKAT- PERINGKAT UNTUK TEMPOH TIGA (3) TAHUN KE HOSPITAL CANSELOR TUANKU MUHRIZ (HCTM) DAN HOSPITAL TUNKU AMPUAN BESAR TUANKU ASHAH ROHANI, HOSPITAL PAKAR KANAK-KANAK UKM (HPKK)","375,100.00",,HCTM/SH/B/127/2023,3 TAHUN,TENDER,1,,BARU,AKTIF,17/07/2023,16/07/2026,12,16/07/2025,,46219,"19/08/2025 - Hantar penamaan jawatankuasa kepada PTj
- Hantar penamaan jawatankuasa kepada Bahagian Perolehan
- Mesyuarat Penyediaan Spesifikasi
-  Hantar speks ke Bahagian Perolehan.
 - Mesyuarat Pengesahan Spesifikasi.
- Iklan Sebut Harga.
- Terima sampel dari Bahagian Perolehan.
- Mesy Penilaian Teknikal.
- Hantar Laporan Penilaian Teknikal.
- Mesyuarat Pemilihan Sebut Harga.",,,,,,
FITRAH,NS UNGGUL SDN BHD,C51-04-02-01,"SEBUT HARGA MEMBEKAL DAN MENGHANTAR BAHAN PAKAI HABIS “PELBAGAI WOUND IRRIGATION SOLUTION” SECARA BERPERINGKAT- PERINGKAT UNTUK TEMPOH TIGA (3) TAHUN KE HOSPITAL CANSELOR TUANKU MUHRIZ (HCTM) DAN HOSPITAL TUNKU AMPUAN BESAR TUANKU AISHAH ROHANI, HOSPITAL PAKAR KANAK-KANAK UKM (HPKK)

1) HYDROCYN","252,650.00",,HCTM/SH/B/214/2023,3 TAHUN,SEBUT HARGA,,1,BARU,AKTIF,12/01/2023,30/11/2026,9,28/02/2026,,46356,"19/08/2025 - Hantar penamaan jawatankuasa kepada PTj
- Hantar penamaan jawatankuasa kepada Bahagian Perolehan
- Mesyuarat Penyediaan Spesifikasi
-  Hantar speks ke Bahagian Perolehan.
 - Mesyuarat Pengesahan Spesifikasi.
- Iklan Sebut Harga.
- Terima sampel dari Bahagian Perolehan.
- Mesy Penilaian Teknikal.
- Hantar Laporan Penilaian Teknikal.
- Mesyuarat Pemilihan Sebut Harga.",,,,,,
FITRAH,ALAM MEDIK SDN BHD,"
C51-04-02-02","SEBUT HARGA MEMBEKAL DAN MENGHANTAR BAHAN PAKAI HABIS “PELBAGAI WOUND IRRIGATION SOLUTION” SECARA BERPERINGKAT- PERINGKAT UNTUK TEMPOH TIGA (3) TAHUN KE HOSPITAL CANSELOR TUANKU MUHRIZ (HCTM) DAN HOSPITAL TUNKU AMPUAN BESAR TUANKU AISHAH ROHANI, HOSPITAL PAKAR KANAK-KANAK UKM (HPKK)

1) PROTOSAN","101,050.00",,HCTM/SH/B/215/2023,3 TAHUN,SEBUT HARGA,,1,BARU,AKTIF,12/01/2023,30/11/2026,9,28/02/2026,,46356,,,,,,,
FITRAH,NUR JAYA MEDIC SDN BHD,C52-05-01-01,"MEMBEKAL DAN MENGHANTAR BAHAN PAKAI HABIS GUNASAMA PELBAGAI WIPES SECARA BERPERINGKAT-PERINGKAT UNTUK TEMPOH TIGA (3) TAHUN KEPADA HCTM  
DISINFECTANT WIPES","194,400.00",,HCTM/SH/B/135/2023,3 TAHUN,SEBUT HARGA,,1,BARU,AKTIF,27/06/2023,26/06/2026,12,26/06/2025,,46199," - Hantar penamaan jawatankuasa kepada PTj
- Hantar penamaan jawatankuasa kepada Bahagian Perolehan
- Mesyuarat Penyediaan Spesifikasi
-  Hantar speks ke Bahagian Perolehan.
 - Mesyuarat Pengesahan Spesifikasi.
- Iklan Sebut Harga.
- Terima sampel dari Bahagian Perolehan.
- Mesy Penilaian Teknikal.
- Hantar Laporan Penilaian Teknikal.
- Mesyuarat Pemilihan Sebut Harga.",,,,,,
FITRAH,ALAM MEDIK SDN BHD,"C51-03-01-01  
C51-03-01-02 
C51-03-01-03 
C51-03-01-05
C51-07-01-01
C51-07-01-02
C51-07-01-04","ADHERENT DRESSING SIZE 8.3CM X 6CM 
ADHERENT DRESSING SIZE 15CM X 8CM
ADHERENT DRESSING SIZE 20CM X 10CM
ADHERENT DRESSING SIZE 30CM X 10CM
HYDROCOLLOID 4 IN X 4 IN CONTROL GEL FORMULA DRESSING
HYDROCOLLOID 8 IN X 8 IN CONTROL GEL FORMULA DRESSING
HYDROCOLLOID 2 IN X 8 IN EXTRA THIN CGF DRESSING","207,538.00",,HCTM/SH/B/31/2023,3 TAHUN,SEBUT HARGA,,1,BARU,AKTIF,02/07/2023,02/06/2026,9,02/09/2025,,46175,"24/06/2025- Hantar penamaan jawatankuasa kepada PTj
- Hantar penamaan jawatankuasa kepada Bahagian Perolehan
- Mesyuarat Penyediaan Spesifikasi
-  Hantar speks ke Bahagian Perolehan.
 - Mesyuarat Pengesahan Spesifikasi.
- Iklan Sebut Harga.
- Terima sampel dari Bahagian Perolehan.
- Mesy Penilaian Teknikal.
- Hantar Laporan Penilaian Teknikal.
- Mesyuarat Pemilihan Sebut Harga.",,,,,,
FITRAH,EMPAYAR GADING SDN BHD,C51-03-01-04,ADHERENT DRESSING SIZE 25CM X 10CM,"33,280.80",,HCTM/SH/B/32/2023,3 TAHUN,SEBUT HARGA,,1,BARU,AKTIF,02/07/2023,02/06/2026,9,02/09/2025,,46175,,,,,,,
FITRAH,TERAJU FARM SDN BHD,C51-07-01-03,HYDROCOLLOID 4 IN X 4 IN EXTRA THIN CGF DRESSING,"37,400.00",,HCTM/SH/B/33/2023,3 TAHUN,SEBUT HARGA,,1,BARU,AKTIF,02/07/2023,02/06/2026,9,02/09/2025,,46175,,,,,,,
SYAFIKAH,METRO JENDELA SDN BHD,C59-26-01-03,"SEBUT HARGA UNTUK MEMBEKAL DAN MENGHANTAR BAHAN PAKAI HABIS ""UNIVERSAL PACK"" SECARA BERPERINGKAT -PERINGKAT UNTUK TEMPOH TIGA (3) TAHUN KEPADA HCTM","117,000.00",,HCTM/SH/B/204/2022,3 TAHUN,SEBUT HARGA,,1,BARU,TAMAT,03/01/2023,02/01/2026,9,01/05/2025,22/5/2025,255,,24/6/2025,1,31/07/2025,1,11/08/2025,1
SYAFIKAH,ALAM MEDIK SDN BHD (PART A),"1. ULTRASONIC ENERGY - LAPAROSCOPIC SURGERY (SAIZ 35CM-48CM)
C59-35-02-04 - HARH36
C59-35-02-05 - HARH45","TENDER UNTUK MEMBEKAL DAN MENGHANTAR BAHAN PAKAI HABIS ""ADVANCE ENERGY SEALING SYSTEM"" SECARA BERPERINGKAT-PERINGKAT UNTUK TEMPOH TIGA (3) TAHUN KEPADA HOSPITAL CANSELOR TUANKU MUHRIZ","5,947,500.00",,HCTM/B/9/2023,3 TAHUN,TENDER,1,,BARU,AKTIF,02/02/2023,01/02/2026,12,02/01/2025,,46024,,,,,,,
SYAFIKAH,ALAM MEDIK SDN BHD (PART A),"2. ULTRASONIC ENERGY OPEN SURGERY (SAIZ 9CM - 10CM)
C59-36-02-01","TENDER UNTUK MEMBEKAL DAN MENGHANTAR BAHAN PAKAI HABIS ""ADVANCE ENERGY SEALING SYSTEM"" SECARA BERPERINGKAT-PERINGKAT UNTUK TEMPOH TIGA (3) TAHUN KEPADA HOSPITAL CANSELOR TUANKU MUHRIZ","5,947,500.00",,HCTM/B/9/2023,3 TAHUN,TENDER,1,,BARU,AKTIF,02/02/2023,01/02/2026,12,02/01/2025,,46024,,,,,,,
SYAFIKAH,ALAM MEDIK SDN BHD (PART A),"3. ULTRASONIC ENERGY OPEN SURGERY (SAIZ 13CM - 17CM)
C59-36-01-02","TENDER UNTUK MEMBEKAL DAN MENGHANTAR BAHAN PAKAI HABIS ""ADVANCE ENERGY SEALING SYSTEM"" SECARA BERPERINGKAT-PERINGKAT UNTUK TEMPOH TIGA (3) TAHUN KEPADA HOSPITAL CANSELOR TUANKU MUHRIZ","5,947,500.00",,HCTM/B/9/2023,3 TAHUN,TENDER,1,,BARU,AKTIF,02/02/2023,01/02/2026,12,02/01/2025,,46024,,,,,,,
SYAFIKAH,ALAM MEDIK SDN BHD (PART A),"4. ULTRASONIC ENERGY - OPEN SURGERY (SAIZ 20CM - 26CM)
C59-35-02-01","TENDER UNTUK MEMBEKAL DAN MENGHANTAR BAHAN PAKAI HABIS ""ADVANCE ENERGY SEALING SYSTEM"" SECARA BERPERINGKAT-PERINGKAT UNTUK TEMPOH TIGA (3) TAHUN KEPADA HOSPITAL CANSELOR TUANKU MUHRIZ","5,947,500.00",,HCTM/B/9/2023,3 TAHUN,TENDER,1,,BARU,AKTIF,02/02/2023,01/02/2026,12,02/01/2025,,46024,,,,,,,
SYAFIKAH,ALAM MEDIK SDN BHD ( PART B ),"1. ADVANCE BIPOLAR ENERGY - LAPAROSCOPIC SURGERY - SAIZ 35CM-48CM (STRAIGHT)
(NSLG2C35)
(NSLX137C)","TENDER UNTUK MEMBEKAL DAN MENGHANTAR BAHAN PAKAI HABIS ""ADVANCE ENERGY SEALING SYSTEM"" SECARA BERPERINGKAT-PERINGKAT UNTUK TEMPOH TIGA (3) TAHUN KEPADA HOSPITAL CANSELOR TUANKU MUHRIZ","5,947,500.00",,HCTM/B/9/2023,3 TAHUN,TENDER,1,,BARU,AKTIF,02/02/2023,01/02/2026,12,02/01/2025,,46024,,,,,,,
SYAFIKAH,ALAM MEDIK SDN BHD ( PART B ),"2. ADVANCE BIPOLAR ENERGY - LAPAROSCOPIC SURGERY - SAIZ 35CM-48CM (CURVED)
(NSLG2C35A)","TENDER UNTUK MEMBEKAL DAN MENGHANTAR BAHAN PAKAI HABIS ""ADVANCE ENERGY SEALING SYSTEM"" SECARA BERPERINGKAT-PERINGKAT UNTUK TEMPOH TIGA (3) TAHUN KEPADA HOSPITAL CANSELOR TUANKU MUHRIZ","5,947,500.00",,HCTM/B/9/2023,3 TAHUN,TENDER,1,,BARU,AKTIF,02/02/2023,01/02/2026,12,02/01/2025,,46024,,,,,,,
SYAFIKAH,ALAM MEDIK SDN BHD ( PART B ),"3. ADVANCE BIPOLAR ENERGY - OPEN SURGERY - SAIZ 13CM - 17CM 
(NSLG2C14)","TENDER UNTUK MEMBEKAL DAN MENGHANTAR BAHAN PAKAI HABIS ""ADVANCE ENERGY SEALING SYSTEM"" SECARA BERPERINGKAT-PERINGKAT UNTUK TEMPOH TIGA (3) TAHUN KEPADA HOSPITAL CANSELOR TUANKU MUHRIZ","5,947,500.00",,HCTM/B/9/2023,3 TAHUN,TENDER,1,,BARU,AKTIF,02/02/2023,01/02/2026,12,02/01/2025,,46024,,,,,,,
SYAFIKAH,ALAM MEDIK SDN BHD ( PART B ),4. ADVANCE BIPOLAR ENERGY - OPEN SURGERY - SAIZ 20CM - 26C,"TENDER UNTUK MEMBEKAL DAN MENGHANTAR BAHAN PAKAI HABIS ""ADVANCE ENERGY SEALING SYSTEM"" SECARA BERPERINGKAT-PERINGKAT UNTUK TEMPOH TIGA (3) TAHUN KEPADA HOSPITAL CANSELOR TUANKU MUHRIZ","5,947,500.00",,HCTM/B/9/2023,3 TAHUN,TENDER,1,,BARU,AKTIF,02/02/2023,01/02/2026,12,02/01/2025,,46024,,,,,,,
SYAFIKAH,FLEXICARE SDN BHD,"ADVANCE ENERGY SEALING SYSTEM
PART A :
ULTRASONIC ENERGY OPEN SURGERY - SAIZ 9CM - 10CM
C59-36-04-03 - OLYMPUS / TB-0009OF","TENDER UNTUK MEMBEKAL DAN MENGHANTAR BAHAN PAKAI HABIS ""ADVANCE ENERGY SEALING SYSTEM"" SECARA BERPERINGKAT-PERINGKAT UNTUK TEMPOH TIGA (3) TAHUN KEPADA HOSPITAL CANSELOR TUANKU MUHRIZ","80,370.00",,HCTM/B/10/2023,3 TAHUN,TENDER,1,,BARU,AKTIF,02/02/2023,01/02/2026,12,02/01/2025,,46024,,,,,,,
SYAFIKAH,J & J MURNI SDN BHD ( PART A ),"1. ULTRASONIC ENERGY - LAPAROSCOPIC SURGERY (SAIZ 35CM - 48CM)
C59-36-03-03 - COVIDIEN, SCDA39
C59-36-03-04 - COVIDIEN, SCDA 48","TENDER UNTUK MEMBEKAL DAN MENGHANTAR BAHAN PAKAI HABIS ""ADVANCE ENERGY SEALING SYSTEM"" SECARA BERPERINGKAT-PERINGKAT UNTUK TEMPOH TIGA (3) TAHUN KEPADA HOSPITAL CANSELOR TUANKU MUHRIZ","2,190,000.00",,HCTM/B/11/2023,3 TAHUN,TENDER,1,,BARU,AKTIF,02/02/2023,01/02/2026,,02/01/2026,,46024,,,,,,,
SYAFIKAH,,"2. ULTRASONIC ENERGY - OPEN SURGERY (SAIZ 13CM - 17CM)
C59-36-03-01 - COVIDIEN, SCDA 13","TENDER UNTUK MEMBEKAL DAN MENGHANTAR BAHAN PAKAI HABIS ""ADVANCE ENERGY SEALING SYSTEM"" SECARA BERPERINGKAT-PERINGKAT UNTUK TEMPOH TIGA (3) TAHUN KEPADA HOSPITAL CANSELOR TUANKU MUHRIZ","2,190,000.00",,HCTM/B/11/2023,3 TAHUN,TENDER,1,,BARU,AKTIF,02/02/2023,01/02/2026,,02/01/2026,,46024,,,,,,,
SYAFIKAH,,"3. ULTRASONIC ENERGY - OPEN SURGERY (SAIZ 20CM - 26CM)
C59-36-03-02 - COVIDIEN, SCDA 26","TENDER UNTUK MEMBEKAL DAN MENGHANTAR BAHAN PAKAI HABIS ""ADVANCE ENERGY SEALING SYSTEM"" SECARA BERPERINGKAT-PERINGKAT UNTUK TEMPOH TIGA (3) TAHUN KEPADA HOSPITAL CANSELOR TUANKU MUHRIZ","2,190,000.00",,HCTM/B/11/2023,3 TAHUN,TENDER,1,,BARU,AKTIF,02/02/2023,01/02/2026,,02/01/2026,,46024,,,,,,,
SYAFIKAH,J & J MURNI SDN BHD ( PART B ),1. ADVANCE BIPOLAR ENERGY - LAPAROSCOPIC SURGERY -SAIZ 35CM - 48CM (STRAIGHT),"TENDER UNTUK MEMBEKAL DAN MENGHANTAR BAHAN PAKAI HABIS ""ADVANCE ENERGY SEALING SYSTEM"" SECARA BERPERINGKAT-PERINGKAT UNTUK TEMPOH TIGA (3) TAHUN KEPADA HOSPITAL CANSELOR TUANKU MUHRIZ","2,190,000.00",,HCTM/B/11/2023,3 TAHUN,TENDER,1,,BARU,AKTIF,02/02/2023,01/02/2026,,02/01/2026,,46024,,,,,,,
SYAFIKAH,J & J MURNI SDN BHD ( PART B ),2. ADVANCE BIPOLAR ENERGY - LAPAROSCOPIC SURGERY -SAIZ 35CM - 48CM (CURVED),"TENDER UNTUK MEMBEKAL DAN MENGHANTAR BAHAN PAKAI HABIS ""ADVANCE ENERGY SEALING SYSTEM"" SECARA BERPERINGKAT-PERINGKAT UNTUK TEMPOH TIGA (3) TAHUN KEPADA HOSPITAL CANSELOR TUANKU MUHRIZ","2,190,000.00",,HCTM/B/11/2023,3 TAHUN,TENDER,1,,BARU,AKTIF,02/02/2023,01/02/2026,,02/01/2026,,46024,,,,,,,
SYAFIKAH,J & J MURNI SDN BHD ( PART B ),3. ADVANCE BIPOLAR ENERGY - OPEN SURGERY -SAIZ 13CM - 17CM ,"TENDER UNTUK MEMBEKAL DAN MENGHANTAR BAHAN PAKAI HABIS ""ADVANCE ENERGY SEALING SYSTEM"" SECARA BERPERINGKAT-PERINGKAT UNTUK TEMPOH TIGA (3) TAHUN KEPADA HOSPITAL CANSELOR TUANKU MUHRIZ","2,190,000.00",,HCTM/B/11/2023,3 TAHUN,TENDER,1,,BARU,AKTIF,02/02/2023,01/02/2026,,02/01/2026,,46024,,,,,,,
SYAFIKAH,J & J MURNI SDN BHD ( PART B ),4. ADVANCE BIPOLAR ENERGY - OPEN SURGERY -SAIZ 20CM - 26CM ,"TENDER UNTUK MEMBEKAL DAN MENGHANTAR BAHAN PAKAI HABIS ""ADVANCE ENERGY SEALING SYSTEM"" SECARA BERPERINGKAT-PERINGKAT UNTUK TEMPOH TIGA (3) TAHUN KEPADA HOSPITAL CANSELOR TUANKU MUHRIZ","2,190,000.00",,HCTM/B/11/2023,3 TAHUN,TENDER,1,,BARU,AKTIF,02/02/2023,01/02/2026,9,02/04/2025,,46024,,,,,,,
SYAFIKAH,PHARMANIAGA LOGISTICS SDN BHD,C59-38-01-01,"MEMBEKAL DAN MENGHANTAR BAHAN PAKAI HABIS GUNASAMA PELBAGAI WIPES SECARA BERPERINGKAT-PERINGKAT UNTUK TEMPOH TIGA (3) TAHUN KEPADA HCTM  
- BED BATH WIPES","45,870.00",,HCTM/SH/B/136/2023,3 TAHUN,SEBUT HARGA,1,,BARU,AKTIF,27/06/2023,26/06/2026,9,26/09/2025,,46199,,,,,,,
SYAFIKAH,SELOKA BAKTI SDN BHD,"C59-02-01-01
C59-02-03-02
     ","SEBUTHARGA UNTUK MEMBEKAL DAN MENGHANTAR BAHAN PAKAI HABIS ELECTROSURGICAL PENCIL SECARA BERPERINGKAT-PERINGKAT UNTUK TEMPOH TIGA (3) TAHUN KEPADA HOSPITAL CANSELOR TUANKU MUHRIZ, UKM DAN HOSPITAL TUNKU AMPUAN BESAR TUANKU AISHAH ROHANI, HOSPITAL PAKAR KANAK-KANAK UKM

A. UNCOATED PENCIL - C59-02-01-01
B. COATED PENCIL - C59-02-03-02","287,040.00",,202307055468,3 TAHUN,SEBUT HARGA,1,,BARU,AKTIF,19/06/2023,18/06/2026,9,18/09/2025,,46191,,,,,,,
SYAFIKAH,GEMEDIC SDN BHD,"1. CUFFED REINFORCED ENDOTRACHEAL TUBE
 - SAIZ 5.0MM  (C59-29-04-01)
- SAIZ 5.5MM   (C59-29-04-02)
- SAIZ 6.0MM   (C59-29-04-03)
- SAIZ 6.5MM   (C59-29-04-04)
- SAIZ 7.0MM   (C59-29-04-05)
- SAIZ 7.5MM   (C59-29-04-06)
- SAIZ 8.0MM   (C59-29-04-07)
- SAIZ 8.5MM  ---------------------

2. UNCUFFED REINFORCED ENDOTRACHEAL TUBE
- SAIZ 3.0MM   (C59-29-03-01)
- SAIZ 3.5MM   (C59-29-03-02)
- SAIZ 4.0MM   (C59-29-03-03)
- SAIZ 4.5MM   (C59-29-03-04)
- SAIZ 5.0MM   (C59-29-03-05)
","SEBUT HARGA UNTUK MEMBEKAL DAN MENGHANTAR BAHAN PAKAI HABIS PELBAGAI SIZE ENDOTRACHEAL TUBE” SECARA
BERPERINGKAT-PERINGKAT UNTUK TEMPOH TIGA (3) TAHUN KE HOSPITAL CANSELOR TUANKU MUHRIZ (HCTM)","190,750.00",,HCTM/SH/B/157/2023,3 TAHUN,SEBUT HARGA,1,,BARU,AKTIF,07/08/2023,06/08/2026,9,08/09/2025,,46181,,,,,,,
SYAFIKAH,ZETA TEKNIK SDN BHD,"1. C52-17-01-01 NON STERILE GOWN ISOLATION
2. C57-04-01-01 DISPOSABLE PLASTIC APRON

","TENDER / KONTRAK BARU 2022 - NEW ITEM
TENDER MEMBEKAL DAN MENGHANTAR BAHAN PAKAI HABIS "" GOWNS "" SECARA BERPERINGKAT-PERINGKAT UNTUK TEMPOH DUA (2) TAHUN KEPADA HOSPITAL CANSELOR TUANKU MUHRIZ [KOD BIDANG : 050301 - PEKAKAS PERUBATAN PAKAI BUANG]","1,144,500.00",,HCTM/B/50/2024,2 TAHUN,TENDER,1,,BARU,AKTIF,20/5/2024,19/5/2026,9,19/08/2025,,46161,,,,,,,
SYAFIKAH,WORLDWIDE MEDIVEST SDN BHD,3. C57-04-02-01 DISPOSABLE PLASTIC GOWN WITH THUMB HOLE (CPE),"TENDER / KONTRAK BARU 2022 - NEW ITEM
TENDER MEMBEKAL DAN MENGHANTAR BAHAN PAKAI HABIS "" GOWNS "" SECARA BERPERINGKAT-PERINGKAT UNTUK TEMPOH DUA (2) TAHUN KEPADA HOSPITAL CANSELOR TUANKU MUHRIZ [KOD BIDANG : 050301 - PEKAKAS PERUBATAN PAKAI BUANG]","38,940.00",,HCTM/B/53/2024,2 TAHUN,TENDER,1,,BARU,AKTIF,13/5/2024,12/5/2026,9,12/08/2025,,46154,,,,,,,
SYAFIKAH,PRIMABUMI SDN BHD,"4. C52-17-02-03 GOWN SURGICAL XL
5. C52-17-02-06 GOWN SURGICAL XXL","TENDER / KONTRAK BARU 2022 - NEW ITEM
TENDER MEMBEKAL DAN MENGHANTAR BAHAN PAKAI HABIS "" GOWNS "" SECARA BERPERINGKAT-PERINGKAT UNTUK TEMPOH DUA (2) TAHUN KEPADA HOSPITAL CANSELOR TUANKU MUHRIZ [KOD BIDANG : 050301 - PEKAKAS PERUBATAN PAKAI BUANG]","1,366,950.00",,HCTM/B/51/2024,2 TAHUN,TENDER,1,,BARU,AKTIF,4/6/2024,3/6/2026,9,03/09/2025,,46176,,,,,,,
SURIA,COMMERMEGA SDN BHD,"Non Sterile Dispossable Gloves Latex (Powder Free)
C57-03-04-01 Size Small
C57-03-04-02 Size Medium
C57-03-04-03 Size Large",SEBUT HARGA UNTUK MEMBEKAL DAN MENGHANTAR BAHAN PAKAI HABIS NON STERILE DISPOSABLE GLOVES LATEX AND CHEMO POWDER FREE SECARA BERPERINGKAT-PERINGKAT UNTUK TEMPOH TIGA (3) TAHUN KEPADA HCTM,"62,660.00",,HCTM/SH/B/185/2023,3 TAHUN,SEBUT HARGA,,1,BARU,AKTIF,09/10/2023,08/10/2026,9,08/01/2026,,46303,,,,,,,
SURIA,ALAM MEDIK SDN BHD,"Non Sterile - Disposable Chemo/Chemical Gloves (Powder Free)
C57-03-07-01 Size Small
C57-03-07-02 Size Medium
C57-03-07-03 Size Large",SEBUT HARGA UNTUK MEMBEKAL DAN MENGHANTAR BAHAN PAKAI HABIS NON STERILE DISPOSABLE GLOVES LATEX AND CHEMO POWDER FREE SECARA BERPERINGKAT-PERINGKAT UNTUK TEMPOH TIGA (3) TAHUN KEPADA HCTM,"65,424.00",,HCTM/SH/B/186/2023,3 TAHUN,SEBUT HARGA,,1,BARU,AKTIF,09/10/2023,08/10/2026,9,08/01/2026,,46303,,,,,,,
SURIA,MYMEDIC INNOVATION SDN BHD,"ITEM NO 1:
C56-10-01-01 - SPECIMEN URINE CONTAINER","SEBUT HARGA UNTUK MEMBEKAL DAN MENGHANTAR BAHAN PAKAI HABIS PELBAGAI ""SPECIMEN CONTAINER"" SECARA BERPERINGKAT-PERINGKAT UNTUK TEMPOH TIGA (3) TAHUN KE HCTM DAN HPKK","133,263.00",,HCTM/SH/B/ 17/2023,3 TAHUN,SEBUT HARGA,,1,BARU,AKTIF,07/02/2023,06/02/2026,9,06/05/2025,,46059,,,,,,,
SURIA,FC BIOS SDN BHD,"ITEM NO 2 :
C56-14-01-01 - UNIVERSAL BOT 1OZ","SEBUT HARGA UNTUK MEMBEKAL DAN MENGHANTAR BAHAN PAKAI HABIS PELBAGAI ""SPECIMEN CONTAINER"" SECARA BERPERINGKAT-PERINGKAT UNTUK TEMPOH TIGA (3) TAHUN KE HCTM DAN HPKK","75,232.80",,HCTM/SH/B/18 /2023,3 TAHUN,SEBUT HARGA,,1,BARU,AKTIF,07/02/2023,06/02/2026,9,06/05/2025,,46059,,,,,,,
SURIA,ZETA TEKNIK SDN BHD,"ITEM NO 03 :
C56-11-01-01 - STOOL CONTAINER","SEBUT HARGA UNTUK MEMBEKAL DAN MENGHANTAR BAHAN PAKAI HABIS PELBAGAI ""SPECIMEN CONTAINER"" SECARA BERPERINGKAT-PERINGKAT UNTUK TEMPOH TIGA (3) TAHUN KE HCTM DAN HPKK","10,450.00",,HCTM/SH/B/19 /2023,3 TAHUN,SEBUT HARGA,,1,BARU,AKTIF,07/02/2023,06/02/2026,9,06/05/2025,,46059,,,,,,,
SURIA,ZETA TEKNIK SDN BHD,C52-18-01-01,"SEBUT HARGA MEMBEKAL DAN MENGHANTAR BAHAN PAKAI HABIS  ""STERILE DISPOSABLE HOURLY URINE BAG"" SECARA BERPERINGKAT-PERINGKAT UNTUK TEMPOH TIGA (3) TAHUN KEPADA HCTM (LANJUT KONTRAK)","210,000.00",,HCTM/SH/B/114/2021,3 TAHUN,SEBUT HARGA,,1,BARU,AKTIF,13/09/2021,12/03/2026,9,12/06/2025,,46093,,,,,,,
MALA ,STRADE (M) SDN BHD,"S53-01-02-01 - BIRU, 
S53-01-02-02 - KUNING, 
S53-01-02-03 - HIJAU MUDA,
S53-01-02-04 - MERAH JAMBU, 
S53-01-02-05 - PEACH,
S53-01-02-09 - UNGU
S53-06-01-02 - KOMPUTER A4 2 PLY,
KERTAS 3 PLY 2 UP & KOMPUTER BERLABEL YANG BERGAM - FARMASI,","MEMBEKAL DAN MENGHANTAR ""KERTAS SIMILI, KERTAS KOMPUTER DAN LAIN-LAIN KERTAS"" SECARA BERPERINGKAT-PERINGKAT UNTUK TEMPOH TIGA (3) TAHUN KEPADA HOSPITAL CANSELOR TUANKU MUHRIZ (HCTM) DAN HOSPITAL PAKAR KANAK-KANAK (HPKK)","MYR1,084,545.10",,HCTM/B/53/2023,3 TAHUN,SEBUT HARGA,,1,BARU,AKTIF,10/04/2023,09/04/2026,,09/04/2026,,46121,,,,,,,
MALA ,DAYABUMI CEMERLANG SDN BHD,"S53-01-01-02 - A3 PUTIH 
S53-05-02-01 - KERTAS GULUNG KAUNTER","MEMBEKAL DAN MENGHANTAR ""KERTAS SIMILI, KERTAS KOMPUTER DAN LAIN-LAIN KERTAS"" SECARA BERPERINGKAT-PERINGKAT UNTUK TEMPOH TIGA (3) TAHUN KEPADA HOSPITAL CANSELOR TUANKU MUHRIZ (HCTM) DAN HOSPITAL PAKAR KANAK-KANAK (HPKK)","MYR34,050.00",,HCTM/B/52/2023,3 TAHUN,SEBUT HARGA,,1,BARU,AKTIF,10/04/2023,09/04/2026,,09/04/2026,,46121,,,,,,,
MALA ,TEAMCARE MARKETING,"S62-09-01-01 BARCODE LABEL (LABEL FOR LAB) 45MMX20MM
S62-09-01-03 BARCODE LABEL (LABEL FOR LAB) 50MM X 30MM (SAIZ BARU)
S62-09-01-02 BARCODE LABEL B (25MM CORE) 45MMX20MM (MESIN LAMA)","MEMBEKAL DAN MENGHANTAR ""BARCODE LABEL"" SECARA BERPERINGKAT-PERINGKAT UNTUK TEMPOH TIGA (3) TAHUN KEPADA PUSAT PERUBATAN UKM.","MYR219,450.00",,HCTM/SH/B/247/2024,3 TAHUN,SEBUT HARGA,,1,BARU,AKTIF,02/12/2024,01/12/2026,,01/12/2026,,46357,,,,,,,
MAISARAH,PERNIAGAAN BEKALAN ABADI,"C59-17-01-02 GLOVES NON POWDER SIZE 6 (OT SHJ)
C59-17-01-03 GLOVES NON POWDER SIZE 6.5 (OT SHJ)
C59-17-01-04 GLOVES NON POWDER SIZE 7 (OT SHJ)
C59-17-01-05 GLOVES NON POWDER SIZE 7.5 (OT SHJ)
C59-17-01-06 GLOVES NON POWDER SIZE 8 (OT SHJ","SEBUT HARGA UNTUK MEMBEKAL DAN MENGHANTAR BAHAN PAKAI HABIS 
GLOVE SURGICAL LATEX STERILE (POWDER FREE) 
SECARA BERPERINGKAT-PERINGKAT UNTUK TEMPOH SATU (1) TAHUN 
KEPADA HOSPITAL CANSELOR TUANKU MUHRIZ (HCTM)","MYR68,440.00",,,1 TAHUN,SEBUT HARGA,,1,BARU,AKTIF,26/01/2025,25/01/2026,,25/01/2026,,25/1/2026,,,,,,,
MAISARAH,BERSAMA TEKNIK & TRADING SDN BHD,C51-19-01-01 - Lint Plain White 500 GM,SEBUT HARGA UNTUK MEMBEKAL DAN MENGHANTAR BAHAN PAKAI HABIS  “LINT PLAIN” SECARA BERPERINGKAT-PERINGKAT UNTUK TEMPOH  TIGA (3) TAHUN KEPADA HOSPITAL CANSELOR TUANKU MUHRIZ (HCTM) DAN HOSPITAL PAKAR KANAK – KANAK (HPKK),"300,000.00",,,3 TAHUN,SEBUT HARGA,,1,BARU,AKTIF,03/04/2023,02/04/2026,,04/02/2026,,46057,,,,,,,
MAISARAH,TELUS MEDIK SDN BHD,"C55-12-02-01

","TENDER UNTUK MEMBEKAL DAN MENGHANTAR BAHAN PAKAI HABIS ""IV DRIP SET' SECARA BERPERINGKAT-PERINGKAT UNTUK TEMPOH DUA (2) TAHUN KEPADA HOSPITAL CANSELOR TUANKU MUHRIZ UKM DAN HOSPITAL TUNKU AMPUAN BESAR TUANKU AISHAH ROHANI, HOSPITAL PAKAR KANAK-KANAK, UKM","739,800.00",,,2 TAHUN,TENDER,,1,BARU,AKTIF,15/11/2024,14/11/2026,,14/11/2026,,46340.00,,,,,,,
MAISARAH,TM MED SDN BHD,"
C55-01-01-02
","NEW ITEM/ NEW CONTRACT - BEFORE : APPL (Last APPL - Feb 2022)

SEBUT HARGA UNTUK MEMBEKAL DAN MENGHANTAR BAHAN PAKAI HABIS “BLOOD ADMINISTRATION SET (NEEDLE FREE)” SECARA BERPERINGKAT-PERINGKAT UNTUK TEMPOH DUA (2) TAHUN KEPADA HOSPITAL CANSELOR TUANKU MUHRIZ (HCTM) DAN HOSPITAL PAKAR KANAK – KANAK (HPKK)","244,800.00",,,2 TAHUN,SEBUT HARGA,,1,BARU,AKTIF,27/03/2023,26/03/2026,,26/03/2026,,46107,,,,,,,
MAISARAH,,"C53-09-01-01
C53-09-01-02
C53-09-01-03
C53-09-01-04
C53-09-01-06
C53-09-01-07","SEBUT HARGA MEMBEKAL DAN MENGHANTAR BARANG PAKAI HABIS PELBAGAI SAIZ ""SYRINGE LUER SLIP"" SECARA BERPERINGKAT -PERINGKAT UNTUK TEMPOH 6 BULAN KE HOSPITAL CANSELOR TUANKU MUHRIZ ",,,,,,,,,,,,,30/12/1899,"14/05/2025 - SURAT PENAMAAN AJK KEPADA PTJ
04/06/2025 -HANTAR SURAT PENAMAAN KEPADA PEROLEHAN
11/06/2025 - MESYUARAT PENYEDIAAN SPEK 
31/07/2025 - TERIMA SAMPLE DARI PEROLEHAN 
12/08/2025 - MESYUARAT PENIALAIN TEKNIKAL",#VALUE!,,,,,,,
MAISARAH,M.S ALLY PHARMA SDN BHD,"PART A:
SYRINGE DISPOSABLE LUER LOCK 10ML C53-09-01-11
SYRINGE DISPOSSABLE LUER LOCK 20ML C53-09-01-12

PART B:
SYRINGE DISPOSABLE LUER LOCK 3ML (FARMASI/ONKO/NUKLEAR)) C53-09-01-15
SYRINGE DISPOSABLE LUER LOCK 5ML (FARMASI/ONKO/NUKLEAR) C53-09-01-16
SYRINGE DISPOSABLE LUER LOCK 10ML (FARMASI/ONKO/NUKLEAR) C53-09-01-17
SYRINGE DISPOSABLE LUER LOCK 20ML (FARMASI/ONKO/NUKLEAR) C53-09-01-18",SEBUTHARGA UNTUK MEMBEKAL DAN MENGHANTAR BAHAN PAKAI HABIS DISPOSABLE SYRINGE LUER LOCK SECARA BERPERINGKAT - PERINGKAT UNTUK TEMPOH TIGA (3) TAHUN KEPADA HCTM DAN HPKK,"MYR134,528.98",,HCTM/SH/B/35/2024,3 TAHUN,SEBUT HARGA,,,BARU,AKTIF,19/2/2024,18/02/2027,9,18/05/2026,,46436,,,,,,,
MAISARAH,ZETA TEKNIK SDN BHD,"C53-09-01-09
C53-09-01-10",SEBUTHARGA UNTUK MEMBEKAL DAN MENGHANTAR BAHAN PAKAI HABIS DISPOSABLE SYRINGE LUER LOCK SECARA BERPERINGKAT - PERINGKAT UNTUK TEMPOH TIGA (3) TAHUN KEPADA HCTM DAN HPKK,"MYR21,607.00",,HCTM/SH/B/34/2024,3 TAHUN,SEBUT HARGA,,,BARU,AKTIF,19/2/2024,10/02/2027,9,10/05/2026,,46428,,,,,,,
YUSNIZA,TELUS MEDIK SB,C55-05-02-01,SEBUTHARGA UNTUK MEMBEKAL DAN MENGHANTAR BAHAN PAKAI HABIS CENTRAL VENOUS CATHETERIZATION SET - TRIPLE LUMEN SECARA BERPERINGKAT - PERINGKAT UNTUK TEMPOH TIGA (3) TAHUN KEPADA PUSAT PERUBATAN UKM. ,"336,600.00",,HCTM/B/204/2023,3 TAHUN,SEBUT HARGA,,,BARU,AKTIF,30/01/2024,29/01/2027,9,29/04/2026,,46416,,,,,,,
YUSNIZA,"ALAM MEDIK SB
","C53-06-03-01  (ITEM A)
C53-06-03-02  (ITEM B)","TENDER UNTUK MEMBEKAL DAN MENGHANTAR BAHAN PAKAI HABIS ""PELBAGAI SAIZ  WINGED INFUSION SET (BUTTERFLY NEEDLE) WITH LUER LOCK ADAPTER"" SECARA BERPERINGKAT-PERINGKAT UNTUK TEMPOH TIGA (3) TAHUN KE HCTM
1. ITEM A : WINGED INFUSION SET (BUTTERFLY NEEDLE) SIZE 21G
2. ITEM B : WINGED INFUSION SET (BUTTERFLY NEEDLE) SIZE 23G
JENAMA : TERUMO ; NEGARA : CHINA","904,425.00",,HCTM/B/37/2024,3 TAHUN,TENDER,,,BARU,AKTIF,13/05/2024,12/05/2027,12,12/05/2026,,46519,,,,,,,
KHALILAH,ZETA TEKNIK SDN BHD,C55-08-01-01,"SEBUTHARGA UNTUK MEMBEKAL DAN MENGHANTAR BAHAN PAKAI HABIS ""DISPOSABLE HUMIDIFIER"" SECARA BERPERINGKAT UNTUK TEMPOH TIGA (3) TAHUN KPD HCTM DAN HPKK","RM 611,100.00",,NETST202400011,3 TAHUN,SEBUT HARGA,,1,BARU,AKTIF,,,,30/12/1899,,0,,,,,,,
KHALILAH,TERAJU FARMA SDN BHD,C55-10-01-01,"SEBUTHARGA UNTUK MEMBEKAL DAN MENGHANTAR BAHAN PAKAI HABIS ""IV ADMINISTRATION SET (MICRO DRIP)"" BERPERINGKAT UNTUK TIGA (3) TAHUN KEPADA HCTM","177,650.00",,NETSS202400104,3 TAHUN,SEBUT HARGA,,1,BARU,AKTIF,,,,30/12/1899,,0,,,,,,,
KHALILAH,MINANG HEALTHCARE SDN BHD,"C51-14-01-01
C51-14-02-04
C51-14-02-05","TENDER MEMBEKAL DAN MENGHANTAR BAHAN PAKAI HABIS “PELBAGAI JENIS STERILE COTTON GAUZE” SECARA BERPERINGKAT- PERINGKAT UNTUK TEMPOH TIGA (3) TAHUN KE HOSPITAL CANSELOR TUANKU MUHRIZ (HCTM) DAN HOSPITAL TUNKU AMPUAN BESAR TUANKU AISHAH ROHANI, HOSPITAL PAKAR KANAK-KANAK UKM (HPKK)

ITEM H : GAUZE ABSORBENT 36 IN X 100 YDS 
ITEM B (I) : STERILE GAUZE ABSORBENT PRE CUT 7.5CM X 7.5CM X 32PLY
ITEM B (II) : STERILE GAUZE ABSORBENT PRE CUT (X-RAY) 7.5CM X 7.5CM X 32PLY ","497,135.00",,NETST202300083,3 TAHUN,TENDER,1,,BARU,AKTIF,,,,30/12/1899,,0,,,,,,,
KHALILAH,MOZANAS SDN BHD,"C51-14-02-04
C51-15-02-02
C51-31-03-01","ITEM A : STERILE GAUZE ABSORBENT PRE CUT 7.5CM X 7.5CM X 32PLY
ITEM G (II) : ABDOMINAL GAUZE PACK 24PLY - 23CM X 23CM
ITEM E : KEYHOLE DRESSING","255,000.00",,NETST202300083,3 TAHUN,TENDER,1,,BARU,AKTIF,13/3/2024,12/3/2027,9,03/03/2027,,46724,,,,,,,
KHALILAH,BERSAMA TEKNIK & TRADING,"C51-14-02-06
C51-14-03-03
C51-14-03-04
C51-15-02-01","ITEM C : STERILE GAUZE ABSORBENT PRE CUT 6CM X 6CM X 24PLY
ITEM I (I) : RIBBON GAUZE SAIZ ½” X 3 KAKI
ITEM I (II) : RIBBON GAUZE SAIZ 1” X 3 KAKI
ITEM G (I) : ABDOMINAL GAUZE PACK 24PLY - 20CM X 20CM","1,205,440.00",,NETST202300083,3 TAHUN,TENDER,1,,BARU,AKTIF,13/3/2024,12/3/2027,9,03/03/2027,,46724,,,,,,,
KHALILAH,ZETA TEKNIK SDN BHD,"C51-15-01-02
C51-15-01-03","ITEM D : STERILE PACK COTTON WOOL BALL 
ITEM F (I) : PRE CUT GAMGEE DRESSING PCK (SIZE :10CM X 20CM)
ITEM F (II) : PRE CUT GAMGEE DRESSING PCK (SIZE :20CM X 30CM)","476,304.00",,NETST202300083,3 TAHUN,TENDER,1,,BARU,AKTIF,13/3/2024,12/3/2027,9,03/03/2027,,46724,,,,,,,
KHALILAH,TERAJU FARMA SDN BHD,C51-22-01-01,ITEM J : PARAFFIN GAUZE 10CM X 10CM,"9,465.00",,NETST202300083,3 TAHUN,TENDER,1,,BARU,AKTIF,13/3/2024,12/3/2027,9,03/03/2027,,46724,,,,,,,
FITRAH,ZETA TEKNIK SDN BHD,C55-08-01-01,"SEBUTHARGA UNTUK MEMBEKAL DAN MENGHANTAR BAHAN PAKAI HABIS ""DISPOSABLE HUMIDIFIER"" SECARA BERPERINGKAT UNTUK TEMPOH TIGA (3) TAHUN KPD HCTM DAN HPKK","RM 611,100.00",,NETST202400011,3 TAHUN,SEBUT HARGA,,1,BARU,AKTIF,20/06/2024,19/6/2027,,19/06/2027,,46557,,,,,,,
FITRAH,TERAJU FARMA SDN BHD,C55-10-01-01,"SEBUTHARGA UNTUK MEMBEKAL DAN MENGHANTAR BAHAN PAKAI HABIS ""IV ADMINISTRATION SET (MICRO DRIP)"" BERPERINGKAT UNTUK TIGA (3) TAHUN KEPADA HCTM","177,650.00",,NETSS202400104,3 TAHUN,SEBUT HARGA,,1,BARU,AKTIF,12/6/2024,11/6/2027,,06/11/2027,,46697,,,,,,,
KHALILAH,ALAM MEDIK SDN BHD,"C51-17-01-01
C51-17-02-01
C51-17-02-03","TENDER  MEMBEKAL DAN MENGHANTAR BAHAN PAKAI HABIS “HYDROFIBER DAN SILVER HYDROFIBER DRESSING” SECARA BERPERINGKAT- PERINGKAT UNTUK TEMPOH TIGA (3) TAHUN KE HOSPITAL CANSELOR TUANKU MUHRIZ (HCTM) DAN HOSPITAL TUNKU AMPUAN BESAR TUANKU ASHAH ROHANI, HOSPITAL PAKAR KANAK-KANAK UKM (HPKK)

HYDROFIBER WOUND DRESSING 5CM X 5CM
SILVER HYDROFIBER DRESSING 5CM X 5CM
SILVER HYDROFIBER DRESSING 15CM X 15CM","250,743.80",,HCTM/B/75/2024,3 TAHUN,TENDER,1,,BARU,AKTIF,25/8/2024,26/8/2027,,26/08/2027,,46625,,,,,,,
KHALILAH,GELIGA SISTEM SDN. BHD.,"C51-17-01-02
C51-17-01-03
C51-17-02-02","HYDROFIBER WOUND DRESSING 10CM X 10CM
HYDROFIBER WOUND DRESSING 15CM X 15CM
SILVER HYDROFIBER DRESSING 10CM X 10CM","522,682.00",,HCTM/B/93/2024,3 TAHUN,TENDER,1,,BARU,AKTIF,25/8/2024,26/8/2027,,26/08/2027,,46625,,,,,,,
KHALILAH,M.S. ALLY PHARMA SDN BHD,"C52-04-01-01
C52-04-01-02","SEBUT HARGA MEMBEKAL DAN MENGHANTAR BAHAN PAKAI HABIS BLOOD LANCET SECARA BERPERINGKAT- PERINGKAT UNTUK TEMPOH TIGA (3) TAHUN KE HOSPITAL CANSELOR TUANKU MUHRIZ (HCTM) 

1) BLOOD LANCET CHILD
2) BLOOD LANCET ADULT","377,227.50",,NETSS202400217,3 TAHUN,SEBUT HARGA,,1,BARU,AKTIF,1/10/2024,30/9/2027,,30/09/2027,,46660,,,,,,,
KHALILAH,ZETA TEKNIK SDN BHD,"C52-13-01-01
C52-13-01-02","SEBUT HARGA MEMBEKAL DAN MENGHANTAR BAHAN PAKAI HABIS ECG ELECTRODE SECARA BERPERINGKAT- PERINGKAT UNTUK TEMPOH TIGA (3) TAHUN KE HOSPITAL CANSELOR TUANKU MUHRIZ (HCTM) DAN HOSPITAL TUNKU AMPUAN BESAR TUANKU AISHAH ROHANI, HOSPITAL PAKAR KANAK-KANAK UKM (HPKK)

1) ECG ELECTRODE ADULT 
2) ECG ELECTRODE PEADIATRIC","339,050.00",,NETSS202400137,3 TAHUN,SEBUT HARGA,,1,BARU,AKTIF,15/7/2024,14/7/2027,9,14/10/2026,,46582,,,,,,,
KHALILAH,FLEXICARE SDN BHD,C52-13-05-01,3) ECG SNAP ELECTRODE,"17,810.00",,NETSS202400137,3 TAHUN,SEBUT HARGA,,1,BARU,AKTIF,15/7/2024,14/7/2027,,14/07/2027,,46582,,,,,,,
SYAFIKAH,ALAM MEDIK SDN BHD,,"MEMBEKAL DAN MENGHANTAR BAHAN PAKAI HABIS GUNASAMA "" SURGICAL LINEAR CUTTER"" SECARA BERPERINGKAT-PERINGKAT UNTUK TEMPOH 2 TAHUN KE UNIT STOR PUSAT, PUSAT PERUBATAN UKM ","551,540.00",,HCTM/B/208/2023,2 TAHUN,SEBUT HARGA,,1,BARU,AKTIF,30/01/2024,29/01/2027,9,29/04/2026,,46416,,,,,,,
SYAFIKAH,J&J MURNI SDN BHD,,"MEMBEKAL DAN MENGHANTAR BAHAN PAKAI HABIS GUNASAMA "" SURGICAL LINEAR CUTTER"" SECARA BERPERINGKAT-PERINGKAT UNTUK TEMPOH 2 TAHUN KE UNIT STOR PUSAT, PUSAT PERUBATAN UKM ","172,390.00",,HCTM/B/209/2023,3 TAHUN,SEBUT HARGA,,1,BARU,AKTIF,30/01/2024,29/01/2027,9,29/04/2026,,46416,,,,,,,
SYAFIKAH,SELOKA BAKTI SDN BHD,"1. C59-02-01-02 - INFANT DIATHERMY PLATE
2. C59-02-01-03 - NEONATE DIATHERMY PLATE
3. C59-02-01-04 - ADULT DIATHERMY PLATE","NEW ITEM 2024 / KONTRAK
SEBUT HARGA UNTUK MEMBEKAL DAN MENGHANTAR BAHAN PAKAI HABIS “PATIENT RETURN ELECTRODE” SECARA BERPERINGKAT-PERINGKAT UNTUK TEMPOH TIGA (3) TAHUN KEPADA HOSPITAL CANSELOR TUANKU MUHRIZ DAN HOSPITAL TUNKU AMPUAN BESAR TUANKU AISHAH ROHANI, HOSPITAL PAKAR KANAK-KANAK UKM","383,000.00",,HCTM/SH/B/110/2024,3 TAHUN,SEBUT HARGA,,1,BARU,AKTIF,6/06/2024,6/05/2027,9,06/08/2026,,46513,,,,,,,
SYAFIKAH,MASTAKA SDN BHD,"ARTERIAL EMBOLECTOMY CATHETER

1. EMBOLECTOMY SAIZ 2 - C59-37-01-01
2. EMBOLECTOMY SAIZ 3 - C59-37-01-02
3. EMBOLECTOMY SAIZ 4 - C59-37-01-03
4. EMBOLECTOMY SAIZ 5 - C59-37-01-04
5. EMBOLECTOMY SAIZ 6 - C59-37-01-05","SEBUT HARGA UNTUK MEMBEKAL DAN MENGHANTAR BAHAN PAKAI HABIS "" ARTERIAL EMBOLECTOMY CATHETER "" SECARA BERPERINGKAT-PERINGKAT UNTUK TEMPOH TIGA (3) TAHUN KEPADA HOSPITAL CANSELOR TUANKU MUHRIZ & HOSPITAL TUNKU AMPUAN BESAR TUANKU AISHAH ROHANI, HOSPITAL PAKAR KANAK-KANAK UKM","97,595.00",,HCTM/SH/B/77/2024,3 TAHUN,SEBUT HARGA,,1,BARU,AKTIF,12/03/2024,11/03/2027,9,11/06/2026,,46457,,,,,,,
SYAFIKAH,MS SYNERGY (M) SDN BHD,"LIGATING CLIPS / HEMOLOCK

1. POLYMER LOCKING CLIPS - SAIZ ML - C59-09-01-01
2. POLYMER LOCKING CLIPS - SAIZ L - C59-09-01-02
3. POLYMER LOCKING CLIPS - SAIZ XL - C59-09-01-03","TENDER UNTUK MEMBEKAL DAN MENGHANTAR BAHAN PAKAI HABIS ""LIGATING CLIPS"" SECARA BERPERINGKAT-PERINGKAT UNTUK TEMPOH TIGA (3) TAHUN KEPADA HOSPITAL CANSELOR TUANKU MUHRIZ & HOSPITAL TUNKU AMPUAN BESAR TUANKU AISHAH ROHANI, HOSPITAL PAKAR KANAK-KANAK UKM","608,867.00",,HCTM/B/B203/2023,3 TAHUN,TENDER,,1,BARU,AKTIF,30/01/2024,29/01/2027,9,29/04/2026,,46416,,,,,,,
SYAFIKAH,"PART A
INSAN BAKTI SDN BHD","ITEM A : SYNTHETIC PF
1. C59-17-04-01 - SAIZ 5.5
2. C59-17-04-02 - SAIZ 6.0
3. C59-17-04-03 - SAIZ 6.5
4. C59-17-04-04 - SAIZ 7.0
5. C59-17-04-05 - SAIZ 7.5
6. C59-17-04-06 - SAIZ 8.0
7. C59-17-04-07 - SAIZ 8.5","SEBUTHARGA UNTUK MEMBEKAL DAN MENGHANTAR BAHAN PAKAI HABIS BAHAN PAKAI HABIS  “STERILE GLOVE SYNTHETIC NON-LATEX (POWDER FREE)” DAN  “DISPOSABLE NON STERILE GLOVES (POWDERED FREE)” SECARA BERPERINGKAT-PERINGKAT UNTUK TEMPOH TIGA (3) TAHUN KEPADA HOSPITAL CANSELOR TUANKU MUHRIZ (HCTM) AND HOSPITAL TUNKU AMPUAN BESAR TUANKU AISHAH ROHANI, HOSPITAL PAKAR KANAK-KANAK, UKM


- STERILE GLOVES SYNTHETIC NON-LATEX (POWDER FREE) (SIZE 5.5, 6.0, 6.5, 7.0, 7.5, 8.0,8.5)
- CAST POLYETHYLENE GLOVE (CPE) SAIZ SMALL, MEDIUM, LARGE
-NITRILE POWDER FREE SAIZ SMALL, MEDIUM DAN LARGE 

***SYNTHETIC GLOVE DAN NITRILE GLOVE SAHAJA UNTUK SEBUT HARGA 2024","PART A
RM53,152.00",,"PART A 
GLOVES SYNTHETIC PF
HCTM/SH/B/XXX/2024",3 TAHUN,SEBUT HARGA,1,,BARU,AKTIF,25/9/2024,24/09/2027,9,24/12/2026,,46654,,,,,,,
SYAFIKAH,"1. TERAJU FARMA SDN BHD
2. PANCARAN MEDIK (M) SDN BHD - NON STANDARD","
A. OPSITE & 83001(IDENTIFIER: 4986) Saiz : 15CM X 28CM
 - C59-06-01-01

B. OPSITE & 83002(IDENTIFIER: 4987) SAIZ: 30CM X28CM
 - C59-06-01-02

C. OPSITE & 83004(IDENTIFIER: 4989) SAIZ: 45CM X55CM
 - C59-06-01-05
","SEBUT HARGA MEMBEKAL DAN MENGHANTAR BAHAN PAKAI HABIS "" DISPOSABLE STERILE SURGICAL INCISE DRAPE "" SECARA BERPERINGKAT-PERINGKAT UNTUK TEMPOH TIGA (3) TAHUN KEPADA HOSPITAL CANSELOR TUANKU MUKHRIZ DAN HOSPITAL TUNKU AMPUAN BESAR TUANKU AISHAH ROHANI, HOSPITAL PAKAR KANAK-KANAK UKM","RM 312,750.00",,HCTM/SH/B/158/2024,3 TAHUN,SEBUT HARGA,1,,BARU,AKTIF,01/09/2024,31/08/2027,9,30/11/2026,,46630,,,,,,,
FITRAH,ALAM MEDIK SDN BHD,"C51-34-01-01 
C51-34-01-02","MEMBEKAL DAN MENGHANTAR BAHAN PAKAI HABIS GUNASAMA ""SELF-ADHERENT SOFT SILICONE FOAM WOUND DRESSING"" SECARA BERPERINGKAT-PERINGKAT UNTUK TEMPOH TIGA (3) TAHUN KEPADA PPUKM     
10 X 10CM
 18 X 18CM                                                                                        ",,,,3 TAHUN,TENDER,1,,BARU,AKTIF,01/02/2025,01/01/2028,,01/01/2028,20/5/2024,1321,"29/02/2024 - Hantar surat penamaan 
30/04/2024 - Hantar nama ahli Jawatankuasa Penyediaan Spesifikasi dan Penilaian Teknikal ke Bahagian Perolehan 
20/05/2024 - Mesyuarat penyediaan spesifikasi 
28/05/2024 - Hantar spek ke Bahagian Perolehan
06/06/2024 - Mesyuarat pengesahan spesifikasi 
05/07/2024 - Hantar spek yang telah ditandatangan oleh ahli ke Bahagian Perolehan 
 - Tarikh iklan dibuka di sistem EP
 - Tarikh iklan ditutup
 - Terima sampel daripada Bahagian Perolehan 
 - Hantar sampel kepada Jawatankuasa Teknikal untuk penilaian awal
 - Menunggu Mesyuarat Penilaian Teknikal (Tentative 5/11/24)",,,,,,
FITRAH,PRIMABUMI,C51-34-01-03 ,"MEMBEKAL DAN MENGHANTAR BAHAN PAKAI HABIS GUNASAMA ""SELF-ADHERENT SOFT SILICONE FOAM WOUND DRESSING"" SECARA BERPERINGKAT-PERINGKAT UNTUK TEMPOH TIGA (3) TAHUN KEPADA PPUKM     
23 X 23CM                                                                                        ","369,900.00",,,3 TAHUN,TENDER,1,,BARU,AKTIF,01/02/2025,01/01/2028,,01/01/2028,,46753,,,,,,,
MAISARAH,PHARMANIAGA LOGISTICS SDN BHD ,"C51-05-05-01
C51-05-05-02
C51-05-05-03
",SEBUTHARGA UNTUK MEMBEKAL DAN MENGHANTAR BAHAN PAKAI HABIS PELBAGAI JENIS BANDAGE SECARA BERPERINGKAT - PERINGKAT UNTUK TEMPOH TIGA (3) TAHUN KEPADA HCTM ,"MYR286,865.40",,HCTM/SH/B/70/2025,3 TAHUN,SEBUT HARGA,,1,,AKTIF,,,,30/12/1899,,0,,,,,,,
YUSNIZA,PHARMANIAGA LOGISTICS SB,"C57-01-01-01
C57-01-01-02","SEBUT HARGA MEMBEKAL DAN MENGHANTAR BAHAN PAKAI HABIS GUNASAMA MULTIPLE STOPCOCK SECARA BERPERINGKAT-PERINGKAT UNTUK TEMPOH TIGA (3) TAHUN KE HOSPITAL CANSELOR TUANKU MUHRIZ, UKM","97,000.00",,HCTM/SH/B/260/2024,3 TAHUN,SEBUT HARGA,,1,BARU,AKTIF,14/01/2025,13/01/2028,9,13/04/2027,,46765,,,,,,,
,TM MED SB,C52-33-01-01,,"72,800.00",,HCTM/SH/B/261/2024,3 TAHUN,SEBUT HARGA,,,,,,,,30/12/1899,,30/12/1899,,,,,,,
YUSNIZA,PRIMABUMI SDN BHD,"ITEM  1 - KONTRAK
C54-02-03-09
DISPOSABLE BREATHING CIRCUIT 
DOUBLE LIMB (ADULT): 
1.8 METER WITH 2 LIMBS-22MM DIAMETER","NETST202500008

TENDER MEMBEKAL DAN MENGHANTAR BAHAN PAKAI HABIS 
DISPOSABLE SINGLE AND DOUBLE LIMB BREATHING CIRCUIT FOR ADULTS, PEDIATRICS AND NEONATE 
SECARA BERPERINGKAT-PERINGKAT UNTUK TEMPOH TIGA (3) TAHUN KE HOSPITAL CANSELOR TUANKU MUHRIZ (HCTM) DAN HOSPITAL TUNKU AMPUAN BESAR TUANKU AISHAH ROHANI, HOSPITAL PAKAR KANAK-KANAK UKM (HPKK))        ",,,,3 TAHUN,TENDER,1,,BARU,AKTIF,18/09/2025,17/09/2028,12,,,,,,,,,,
,"BIOTECH MEDICAL 
CORPORATION SDN BHD","ITEM  2 - KONTRAK
C54-02-03-02
FLEXTUBE BREATHING SYS- 2.4M ADULT

ITEM  5 - KONTRAK
C54-02-03-04
FLEXTUBE BREATHING SYS- 1.6M PEADS

ITEM  6 - KONTRAK
C54-02-03-05
FLEXTUBE BREATHING SYS- 2.4M PEADS

ITEM  4 - KONTRAK
C54-02-03-07
FLEXIBLE BREATHING  SYS 50 METER- 22 MM DIAMETER

ITEM  8 - KONTRAK
C54-02-03-08
FLEXIBLE BREATHING  SYS 50 METER- 15MM DIAMETER",,,,,,,,,,,,,,,,,,,,,,,
,GEMILANG ASIA TECHNOLOGY SB,,,,,,,,,,,,,,,,,,,,,,,,
YUSNIZA,TM MED SDN BHD,C52-23-01-01,"NETST202500014

TENDER UNTUK MEMBEKAL DAN MENGHANTAR 
BAHAN PAKAI HABIS GUNASAMA 
""STERILE IV ADDITIVE DISPENSING PIN"" 
SECARA BERPERINGKAT -  PERINGKAT UNTUK TEMPOH TIGA (3) TAHUN KEPADA HOSPITAL CANSELOR TUANKU MUHRIZ UKM DAN 
HOSPITAL TUNKU AMPUAN BESAR TUANKU AISHAH ROHANI, 
HOSPITAL PAKAR KANAK-KANAK UKM      ","424,500.00",,"HCTM/B/76/2025
",3 TAHUN,TENDER,1,,BARU,AKTIF,18/08/2025,17/08/2028,12,,,46982,,,,,,,
YUSNIZA,ALAM MEDIK SDN BHD,"C54-08-01-01  

DISPOSABLE MONITORING 
KIT SINGLE","NETST202500036

TENDER UNTUK MEMBEKAL DAN MENGHANTAR BAHAN PAKAI HABIS “DISPOSABLE INVASIVE HAEMODYNAMIC MONITORING KIT” SECARA BERPERINGKAT-PERINGKAT UNTUK TEMPOH TIGA (3) TAHUN KEPADA HOSPITAL CANSELOR TUANKU MUHRIZ (HCTM) DAN HOSPITAL TUNKU AMPUAN BESAR TUANKU AISHAH ROHANI, HOSPITAL PAKAR KANAK-KANAK UKM (HOSTAR)",,,,3 TAHUN,TENDER,1,,BARU,AKTIF,15/10/2025,14/10/2028,12,,,,,,,,,,
YUSNIZA,PRIMABUMI SDN BHD,"
C54-08-01-02 
 
DISPOSABLE MONITORING 
KIT DOUBLE",,,,,,,,,,,,,,,,,,,,,,,
YUSNIZA,MAYO SURGICAL SUPPLY,C54-02-04-02,"NETST202500183

SEBUTHARGA MEMBEKAL DAN MENGHANTAR BAHAN PAKAI DISPOSABLE MANUAL RESUSCITATOR 
SECARA BERPERINGKAT-PERINGKAT UNTUK TEMPOH TIGA (3) TAHUN KEPADA   HOSPITAL CANSELOR TUANKU MUHRIZ","212,500.00",,HCTM/SH/B/99/2025,3 TAHUN,SEBUT HARGA,,1,BARU,AKTIF,17/09/2025,16/09/2028,9,,,,,,,,,,
SYAFIKAH,NIK HEALTHCARE (M) SDN BHD,"1. C59-49-01-01
STANDARD WRAPPING MATERIAL SAIZ 600MM x 600MM

2. C59-49-01-02
STANDARD WRAPPING MATERIAL SAIZ 760MM x 760MM","TENDER MEMBEKAL DAN MENGHANTAR BAHAN PAKAI HABIS STERILIZATION WRAPPING MATERIAL / STERILE BARRIER SYSTEM SECARA BERPERINGKAT-PERINGKAT UNTUK TEMPOH TIGA (3) TAHUN KE HOSPITAL CANSELOR TUANKU MUHRIZ (HCTM) DAN HOSPITAL TUNKU AMPUAN BESAR TUANKU AISHAH ROHANI, HOSPITAL PAKAR KANAK-KANAK UKM (HPKK)","898,350.00",,HCTM/B/66/2025,3 TAHUN,TENDER,1,,BARU,AKTIF,21/05/2025,20/05/2028,12,20/05/2027,,46893,,,,,,,
SYAFIKAH,BUMI TANJUNGJAYA (M) SDN BHD,"3. C59-49-01-03
STANDARD WRAPPING MATERIAL SAIZ 1010MM x 1010MM

4. C59-49-01-04
STANDARD WRAPPING MATERIAL SAIZ 1210MM x 1210MM

5. C59-49-02-01
HEAVY DUTY WRAPPING MATERIAL SAIZ 1010MM x 1010MM

6. C59-49-02-02
HEAVY DUTY WRAPPING MATERIAL SAIZ 1210MM x 1210MM","TENDER MEMBEKAL DAN MENGHANTAR BAHAN PAKAI HABIS STERILIZATION WRAPPING MATERIAL / STERILE BARRIER SYSTEM SECARA BERPERINGKAT-PERINGKAT UNTUK TEMPOH TIGA (3) TAHUN KE HOSPITAL CANSELOR TUANKU MUHRIZ (HCTM) DAN HOSPITAL TUNKU AMPUAN BESAR TUANKU AISHAH ROHANI, HOSPITAL PAKAR KANAK-KANAK UKM (HPKK)","861,677.40",,HCTM/B/67/2025,3 TAHUN,TENDER,1,,BARU,AKTIF,21/05/2025,20/05/2028,12,20/05/2027,,46893,,,,,,,
SYAFIKAH,QAREMEDIC SDN BHD,"C59-15-01-01 
SURGICEL SAIZ 5CM x 7.5CM","TENDER UNTUK MEMBEKAL DAN MENGHANTAR BAHAN PAKAI HABIS STERILE OXIDISED REGENERATED CELLULOSE ABSORBABLE HEMOSTAT BERPERINGKAT-PERINGKAT UNTUK TEMPOH TIGA (3) TAHUN KEPADA HOSPITAL CANSELOR TUANKU MUHRIZ DAN HOSPITAL TUNKU AMPUAN BESAR TUANKU AISHAH ROHANI, HOSPITAL PAKAR KANAK-KANAK UKM","162,864.00",,HCTM/B/62/2025,3 TAHUN,TENDER,1,,BARU,AKTIF,14/05/2025,13/05/2028,12,13/05/2027,,46886,,,,,,,
SYAFIKAH,ALAM MEDIK SDN BHD,"C59-15-01-02
SURGICEL SAIZ 10CM x 20CM","TENDER UNTUK MEMBEKAL DAN MENGHANTAR BAHAN PAKAI HABIS STERILE OXIDISED REGENERATED CELLULOSE ABSORBABLE HEMOSTAT BERPERINGKAT-PERINGKAT UNTUK TEMPOH TIGA (3) TAHUN KEPADA HOSPITAL CANSELOR TUANKU MUHRIZ DAN HOSPITAL TUNKU AMPUAN BESAR TUANKU AISHAH ROHANI, HOSPITAL PAKAR KANAK-KANAK UKM","840,274.40",,HCTM/B/63/2025,3 TAHUN,TENDER,1,,BARU,AKTIF,,13/05/2028,12,13/05/2027,,46886,,,,,,,
SURIA,"ALAM MEDIK 
SDN BHD",C56-04-01-01,"MEMBEKAL DAN MENGHANTAR BAHAN PAKAI HABIS GUNASAMA ""BLOOD GLUCOSE REAGENT STRIPS"" SECARA BERPERINGKAT-PERINGKAT UNTUK TEMPOH TIGA (3) TAHUN KEPADA PPUKM","792,000.00",,HCTM/B/105/2021,3 TAHUN,TENDER,1,,BARU,AKTIF,01/02/2025,01/01/2028,12,01/01/2027,,46753,,,,,,,
SYAFIKAH,QAREMEDIC SDN BHD,"C59-07-01-03
C59-07-01-04
C59-07-01-05
C59-07-01-07","SEBUT HARGA UNTUK MEMBEKAL DAN MENGHANTAR BAHAN PAKAI HABIS SINGLE USE SURGICAL DRAINAGE APPARATUS SECARA BERPERINGKAT PERINGKAT SELAMA TEMPOH 3 TAHUN KEPADA HOSPITAL CANSELOR TUANKU MUHRIZ DAN HOSPITAL TUANKU AMPUAN BESAR TUANKU AISHAH ROHANI,HOSPITAL PAKAR KANAK-KANAK UKM","91,470.00",,HCTM/SH/B/120/2025,3 TAHUN,SEBUT HARGA,,1,BARU,AKTIF,29/09/2025,28/09/2028,9,28/12/2027,,28/09/2028,,,0,,0,,0
SYAFIKAH,M.S ALLY PHARMA SDN BHD,"C59-10-02-01
C59-10-02-02
C59-10-02-03
C59-32-01-03","SEBUT HARGA UNTUK MEMBEKAL DAN MENGHANTAR BAHAN PAKAI HABIS SINGLE USE SURGICAL DRAINAGE APPARATUS SECARA BERPERINGKAT PERINGKAT SELAMA TEMPOH 3 TAHUN KEPADA HOSPITAL CANSELOR TUANKU MUHRIZ DAN HOSPITAL TUANKU AMPUAN BESAR TUANKU AISHAH ROHANI,HOSPITAL PAKAR KANAK-KANAK UKM","155,325.00",,HCTM/SH/B/119/2025,3 TAHUN,SEBUT HARGA,,1,BARU,AKTIF,29/09/2025,28/09/2028,9,28/12/2027,,28/09/2028,,,0,,0,,0
SYAFIKAH,ACURAMED SDN BHD,C59-26-01-02,SEBUT HARGA UNTUK MEMBEKAL DAN MENGHANTAR BAHAN PAKAI HABIS UNIVERSAL PACK SECARA BERPERINGKAT PERINGKAT SELAMA TEMPOH 3 TAHUN KEPADA HOSPITAL CANSELOR TUANKU MUHRIZ ,"124,200.00",,HCTM/SH/B/118/2025,3 TAHUN,SEBUT HARGA,,1,BARU,AKTIF,29/09/2025,28/09/2028,9,28/12/2027,,28/09/2028,,,0,,0,,0
MAISARAH,BUMI MED RESOURCES,"C51-26-01-01
C51-26-01-02","TENDER MEMBEKAL DAN MENGHANTAR BAHAN PAKAI HABIS PELBAGAI TAPE SECARA BERPERINGKAT-PERINGKAT UNTUK TEMPOH TIGA (3) TAHUN KE HOSPITAL CANSELOR TUANKU MUHRIZ (HCTM) DAN HOSPITAL TUNKU AMPUAN BESAR TUANKU AISHAH ROHANI, HOSPITAL PAKAR KANAK-KANAK UKM","69,044.04",,HCTM/B/97/2025,3 TAHUN,TENDER,1,,BARU,AKTIF,19/09/2025,18/09/2028,9,18/12/2027,,18/09/2028,,,0,,0,,0
,,,,,,,,,,,,,,,,30/12/1899,,0,,,,,,,
,,,,,,,,,,,,,,,,30/12/1899,,0,,,,,,,
,,,,,,,,,,,,,,,,30/12/1899,,0,,,,,,,
,,,,,,,,,,,,,,,,30/12/1899,,0,,,,,,,
,,,,,,,,,,,,,,,,30/12/1899,,0,,,,,,,
,,,,,,,,,,,,,,,,30/12/1899,,0,,,,,,,
,,,,,,,,,,,,,,,,30/12/1899,,0,,,,,,,
,,,,,,,,,,,,,,,,30/12/1899,,0,,,,,,,
,,,,,,,,,,,,,,,,30/12/1899,,0,,,,,,,
,,,,,,,,,,,,,,,,30/12/1899,,0,,,,,,,
,,,,,,,,,,,,,,,,30/12/1899,,0,,,,,,,
,,,,,,,,,,,,,,,,30/12/1899,,0,,,,,,,
,,,,,,,,,,,,,,,,30/12/1899,,0,,,,,,,
,,,,,,,,,,,,,,,,30/12/1899,,0,,,,,,,
,,,,,,,,,,,,,,,,30/12/1899,,0,,,,,,,
,,,,,,,,,,,,,,,,30/12/1899,,0,,,,,,,
,,,,,,,,,,,,,,,,30/12/1899,,0,,,,,,,
,,,,,,,,,,,,,,,,30/12/1899,,0,,,,,,,
,,,,,,,,,,,,,,,,30/12/1899,,0,,,,,,,
,,,,,,,,,,,,,,,,30/12/1899,,0,,,,,,,
,,,,,,,,,,,,,,,,30/12/1899,,0,,,,,,,
,,,,,,,,,,,,,,,,30/12/1899,,0,,,,,,,
,,,,,,,,,,,,,,,,30/12/1899,,0,,,,,,,
,,,,,,,,,,,,,,,,30/12/1899,,0,,,,,,,
,,,,,,,,,,,,,,,,30/12/1899,,0,,,,,,,
,,,,,,,,,,,,,,,,30/12/1899,,0,,,,,,,
,,,,,,,,,,,,,,,,30/12/1899,,0,,,,,,,
,,,,,,,,,,,,,,,,30/12/1899,,0,,,,,,,
,,,,,,,,,,,,,,,,30/12/1899,,0,,,,,,,
,,,,,,,,,,,,,,,,30/12/1899,,0,,,,,,,
,,,,,,,,,,,,,,,,30/12/1899,,0,,,,,,,
,,,,,,,,,,,,,,,,30/12/1899,,0,,,,,,,
,,,,,,,,,,,,,,,,30/12/1899,,0,,,,,,,
,,,,,,,,,,,,,,,,30/12/1899,,0,,,,,,,
,,,,,,,,,,,,,,,,30/12/1899,,0,,,,,,,
,,,,,,,,,,,,,,,,30/12/1899,,0,,,,,,,
,,,,,,,,,,,,,,,,30/12/1899,,0,,,,,,,
,,,,,,,,,,,,,,,,30/12/1899,,0,,,,,,,
,,,,,,,,,,,,,,,,30/12/1899,,0,,,,,,,
,,,,,,,,,,,,,,,,30/12/1899,,0,,,,,,,
,,,,,,,,,,,,,,,,30/12/1899,,0,,,,,,,
,,,,,,,,,,,,,,,,30/12/1899,,0,,,,,,,
,,,,,,,,,,,,,,,,30/12/1899,,0,,,,,,,
,,,,,,,,,,,,,,,,30/12/1899,,0,,,,,,,
,,,,,,,,,,,,,,,,30/12/1899,,0,,,,,,,
,,,,,,,,,,,,,,,,30/12/1899,,0,,,,,,,
,,,,,,,,,,,,,,,,30/12/1899,,0,,,,,,,
,,,,,,,,,,,,,,,,30/12/1899,,0,,,,,,,
,,,,,,,,,,,,,,,,30/12/1899,,0,,,,,,,
,,,,,,,,,,,,,,,,30/12/1899,,0,,,,,,,
,,,,,,,,,,,,,,,,30/12/1899,,0,,,,,,,
,,,,,,,,,,,,,,,,30/12/1899,,0,,,,,,,
,,,,,,,,,,,,,,,,30/12/1899,,0,,,,,,,
,,,,,,,,,,,,,,,,30/12/1899,,0,,,,,,,
,,,,,,,,,,,,,,,,30/12/1899,,0,,,,,,,
,,,,,,,,,,,,,,,,30/12/1899,,0,,,,,,,
,,,,,,,,,,,,,,,,30/12/1899,,0,,,,,,,
,,,,,,,,,,,,,,,,30/12/1899,,0,,,,,,,
,,,,,,,,,,,,,,,,30/12/1899,,0,,,,,,,
,,,,,,,,,,,,,,,,30/12/1899,,0,,,,,,,
,,,,,,,,,,,,,,,,30/12/1899,,0,,,,,,,
,,,,,,,,,,,,,,,,30/12/1899,,0,,,,,,,
,,,,,,,,,,,,,,,,30/12/1899,,0,,,,,,,
,,,,,,,,,,,,,,,,30/12/1899,,0,,,,,,,
,,,,,,,,,,,,,,,,30/12/1899,,0,,,,,,,
,,,,,,,,,,,,,,,,30/12/1899,,0,,,,,,,
,,,,,,,,,,,,,,,,30/12/1899,,0,,,,,,,
,,,,,,,,,,,,,,,,30/12/1899,,0,,,,,,,
,,,,,,,,,,,,,,,,30/12/1899,,0,,,,,,,
,,,,,,,,,,,,,,,,30/12/1899,,0,,,,,,,
,,,,,,,,,,,,,,,,30/12/1899,,0,,,,,,,
,,,,,,,,,,,,,,,,30/12/1899,,0,,,,,,,
,,,,,,,,,,,,,,,,30/12/1899,,0,,,,,,,
,,,,,,,,,,,,,,,,30/12/1899,,0,,,,,,,
,,,,,,,,,,,,,,,,30/12/1899,,0,,,,,,,
,,,,,,,,,,,,,,,,30/12/1899,,0,,,,,,,
,,,,,,,,,,,,,,,,30/12/1899,,0,,,,,,,
,,,,,,,,,,,,,,,,30/12/1899,,0,,,,,,,
,,,,,,,,,,,,,,,,30/12/1899,,0,,,,,,,
,,,,,,,,,,,,,,,,30/12/1899,,0,,,,,,,
,,,,,,,,,,,,,,,,30/12/1899,,0,,,,,,,
,,,,,,,,,,,,,,,,30/12/1899,,0,,,,,,,
,,,,,,,,,,,,,,,,30/12/1899,,0,,,,,,,
,,,,,,,,,0,0,,,,,,,,,,,0,,0,,0
,,,,,,,,,,,,,,,,,,,,,,,,,
,,,,,,,,,,,,,,,,,,,,,,,,,
,,,,,,,,,,,,,,,,,,,,,,,,,
,,,,,,,,,,,,,,,,,,,,,,,,,
,,,,,,,,,,,,,,,,,,,,,,,,,
,,,,,,,,,,,,,,,,,,,,,,,,,
,,,,,,,,,,,,,,,,,,,,,,,,,
,,,,,,,,,,,,,,,,,,,,,,,,,
,,,,,,,,,,,,,,,,,,,,,,,,,
,,,,,,,,,,,,,,,,,,,,,,,,,
,,,,,,,,,,,,,,,,,,,,,,,,,
,,,,,,,,,,,,,,,,,,,,,,,,,
,,,,,,,,,,,,,,,,,,,,,,,,,
,,,,,,,,,,,,,,,,,,,,,,,,,
,,,,,,,,,,,,,,,,,,,,,,,,,
,,,,,,,,,,,,,,,,,,,,,,,,,
,,,,,,,,,,,,,,,,,,,,,,,,,
,,,,,,,,,,,,,,,,,,,,,,,,,
,,,,,,,,,,,,,,,,,,,,,,,,,
,,,,,,,,,,,,,,,,,,,,,,,,,
,,,,,,,,,,,,,,,,,,,,,,,,,
,,,,,,,,,,,,,,,,,,,,,,,,,
,,,,,,,,,,,,,,,,,,,,,,,,,
,,,,,,,,,,,,,,,,,,,,,,,,,
,,,,,,,,,,,,,,,,,,,,,,,,,
,,,,,,,,,,,,,,,,,,,,,,,,,
,,,,,,,,,,,,,,,,,,,,,,,,,
,,,,,,,,,,,,,,,,,,,,,,,,,
,,,,,,,,,,,,,,,,,,,,,,,,,
,,,,,,,,,,,,,,,,,,,,,,,,,
,,,,,,,,,,,,,,,,,,,,,,,,,
,,,,,,,,,,,,,,,,,,,,,,,,,
,,,,,,,,,,,,,,,,,,,,,,,,,
,,,,,,,,,,,,,,,,,,,,,,,,,
,,,,,,,,,,,,,,,,,,,,,,,,,
,,,,,,,,,,,,,,,,,,,,,,,,,
,,,,,,,,,,,,,,,,,,,,,,,,,
,,,,,,,,,,,,,,,,,,,,,,,,,
,,,,,,,,,,,,,,,,,,,,,,,,,
,,,,,,,,,,,,,,,,,,,,,,,,,
,,,,,,,,,,,,,,,,,,,,,,,,,
,,,,,,,,,,,,,,,,,,,,,,,,,
,,,,,,,,,,,,,,,,,,,,,,,,,
,,,,,,,,,,,,,,,,,,,,,,,,,
,,,,,,,,,,,,,,,,,,,,,,,,,
,,,,,,,,,,,,,,,,,,,,,,,,,
,,,,,,,,,,,,,,,,,,,,,,,,,
,,,,,,,,,,,,,,,,,,,,,,,,,
,,,,,,,,,,,,,,,,,,,,,,,,,
,,,,,,,,,,,,,,,,,,,,,,,,,
,,,,,,,,,,,,,,,,,,,,,,,,,
,,,,,,,,,,,,,,,,,,,,,,,,,
,,,,,,,,,,,,,,,,,,,,,,,,,
,,,,,,,,,,,,,,,,,,,,,,,,,
,,,,,,,,,,,,,,,,,,,,,,,,,
,,,,,,,,,,,,,,,,,,,,,,,,,
,,,,,,,,,,,,,,,,,,,,,,,,,
,,,,,,,,,,,,,,,,,,,,,,,,,
,,,,,,,,,,,,,,,,,,,,,,,,,
,,,,,,,,,,,,,,,,,,,,,,,,,
,,,,,,,,,,,,,,,,,,,,,,,,,
,,,,,,,,,,,,,,,,,,,,,,,,,
,,,,,,,,,,,,,,,,,,,,,,,,,
,,,,,,,,,,,,,,,,,,,,,,,,,
,,,,,,,,,,,,,,,,,,,,,,,,,
,,,,,,,,,,,,,,,,,,,,,,,,,
,,,,,,,,,,,,,,,,,,,,,,,,,
,,,,,,,,,,,,,,,,,,,,,,,,,
,,,,,,,,,,,,,,,,,,,,,,,,,
,,,,,,,,,,,,,,,,,,,,,,,,,
,,,,,,,,,,,,,,,,,,,,,,,,,
,,,,,,,,,,,,,,,,,,,,,,,,,
,,,,,,,,,,,,,,,,,,,,,,,,,
,,,,,,,,,,,,,,,,,,,,,,,,,
,,,,,,,,,,,,,,,,,,,,,,,,,
,,,,,,,,,,,,,,,,,,,,,,,,,
,,,,,,,,,,,,,,,,,,,,,,,,,
,,,,,,,,,,,,,,,,,,,,,,,,,
,,,,,,,,,,,,,,,,,,,,,,,,,
,,,,,,,,,,,,,,,,,,,,,,,,,
,,,,,,,,,,,,,,,,,,,,,,,,,
,,,,,,,,,,,,,,,,,,,,,,,,,
,,,,,,,,,,,,,,,,,,,,,,,,,
,,,,,,,,,,,,,,,,,,,,,,,,,
,,,,,,,,,,,,,,,,,,,,,,,,,
,,,,,,,,,,,,,,,,,,,,,,,,,
,,,,,,,,,,,,,,,,,,,,,,,,,
,,,,,,,,,,,,,,,,,,,,,,,,,
,,,,,,,,,,,,,,,,,,,,,,,,,
,,,,,,,,,,,,,,,,,,,,,,,,,
,,,,,,,,,,,,,,,,,,,,,,,,,
,,,,,,,,,,,,,,,,,,,,,,,,,
,,,,,,,,,,,,,,,,,,,,,,,,,
,,,,,,,,,,,,,,,,,,,,,,,,,
,,,,,,,,,,,,,,,,,,,,,,,,,
,,,,,,,,,,,,,,,,,,,,,,,,,
,,,,,,,,,,,,,,,,,,,,,,,,,
,,,,,,,,,,,,,,,,,,,,,,,,,
,,,,,,,,,,,,,,,,,,,,,,,,,
,,,,,,,,,,,,,,,,,,,,,,,,,
,,,,,,,,,,,,,,,,,,,,,,,,,
,,,,,,,,,,,,,,,,,,,,,,,,,
,,,,,,,,,,,,,,,,,,,,,,,,,
,,,,,,,,,,,,,,,,,,,,,,,,,
,,,,,,,,,,,,,,,,,,,,,,,,,
,,,,,,,,,,,,,,,,,,,,,,,,,
,,,,,,,,,,,,,,,,,,,,,,,,,
,,,,,,,,,,,,,,,,,,,,,,,,,
,,,,,,,,,,,,,,,,,,,,,,,,,
,,,,,,,,,,,,,,,,,,,,,,,,,
,,,,,,,,,,,,,,,,,,,,,,,,,
,,,,,,,,,,,,,,,,,,,,,,,,,
,,,,,,,,,,,,,,,,,,,,,,,,,
,,,,,,,,,,,,,,,,,,,,,,,,,
,,,,,,,,,,,,,,,,,,,,,,,,,
,,,,,,,,,,,,,,,,,,,,,,,,,
,,,,,,,,,,,,,,,,,,,,,,,,,
,,,,,,,,,,,,,,,,,,,,,,,,,
,,,,,,,,,,,,,,,,,,,,,,,,,
,,,,,,,,,,,,,,,,,,,,,,,,,
,,,,,,,,,,,,,,,,,,,,,,,,,
,,,,,,,,,,,,,,,,,,,,,,,,,
,,,,,,,,,,,,,,,,,,,,,,,,,
,,,,,,,,,,,,,,,,,,,,,,,,,
,,,,,,,,,,,,,,,,,,,,,,,,,
,,,,,,,,,,,,,,,,,,,,,,,,,
,,,,,,,,,,,,,,,,,,,,,,,,,
,,,,,,,,,,,,,,,,,,,,,,,,,
,,,,,,,,,,,,,,,,,,,,,,,,,
,,,,,,,,,,,,,,,,,,,,,,,,,
,,,,,,,,,,,,,,,,,,,,,,,,,
,,,,,,,,,,,,,,,,,,,,,,,,,
,,,,,,,,,,,,,,,,,,,,,,,,,
,,,,,,,,,,,,,,,,,,,,,,,,,
,,,,,,,,,,,,,,,,,,,,,,,,,
,,,,,,,,,,,,,,,,,,,,,,,,,
,,,,,,,,,,,,,,,,,,,,,,,,,
,,,,,,,,,,,,,,,,,,,,,,,,,
,,,,,,,,,,,,,,,,,,,,,,,,,
,,,,,,,,,,,,,,,,,,,,,,,,,
,,,,,,,,,,,,,,,,,,,,,,,,,
,,,,,,,,,,,,,,,,,,,,,,,,,
,,,,,,,,,,,,,,,,,,,,,,,,,
,,,,,,,,,,,,,,,,,,,,,,,,,
,,,,,,,,,,,,,,,,,,,,,,,,,
,,,,,,,,,,,,,,,,,,,,,,,,,
,,,,,,,,,,,,,,,,,,,,,,,,,
,,,,,,,,,,,,,,,,,,,,,,,,,
,,,,,,,,,,,,,,,,,,,,,,,,,
,,,,,,,,,,,,,,,,,,,,,,,,,
,,,,,,,,,,,,,,,,,,,,,,,,,
,,,,,,,,,,,,,,,,,,,,,,,,,
,,,,,,,,,,,,,,,,,,,,,,,,,
,,,,,,,,,,,,,,,,,,,,,,,,,
,,,,,,,,,,,,,,,,,,,,,,,,,
,,,,,,,,,,,,,,,,,,,,,,,,,
,,,,,,,,,,,,,,,,,,,,,,,,,
,,,,,,,,,,,,,,,,,,,,,,,,,
,,,,,,,,,,,,,,,,,,,,,,,,,
,,,,,,,,,,,,,,,,,,,,,,,,,
,,,,,,,,,,,,,,,,,,,,,,,,,
,,,,,,,,,,,,,,,,,,,,,,,,,
,,,,,,,,,,,,,,,,,,,,,,,,,
,,,,,,,,,,,,,,,,,,,,,,,,,
,,,,,,,,,,,,,,,,,,,,,,,,,
,,,,,,,,,,,,,,,,,,,,,,,,,
,,,,,,,,,,,,,,,,,,,,,,,,,
,,,,,,,,,,,,,,,,,,,,,,,,,
,,,,,,,,,,,,,,,,,,,,,,,,,
,,,,,,,,,,,,,,,,,,,,,,,,,
,,,,,,,,,,,,,,,,,,,,,,,,,
,,,,,,,,,,,,,,,,,,,,,,,,,
,,,,,,,,,,,,,,,,,,,,,,,,,
,,,,,,,,,,,,,,,,,,,,,,,,,
,,,,,,,,,,,,,,,,,,,,,,,,,
,,,,,,,,,,,,,,,,,,,,,,,,,
,,,,,,,,,,,,,,,,,,,,,,,,,
,,,,,,,,,,,,,,,,,,,,,,,,,
,,,,,,,,,,,,,,,,,,,,,,,,,
,,,,,,,,,,,,,,,,,,,,,,,,,
,,,,,,,,,,,,,,,,,,,,,,,,,
,,,,,,,,,,,,,,,,,,,,,,,,,
,,,,,,,,,,,,,,,,,,,,,,,,,
,,,,,,,,,,,,,,,,,,,,,,,,,
,,,,,,,,,,,,,,,,,,,,,,,,,
,,,,,,,,,,,,,,,,,,,,,,,,,
,,,,,,,,,,,,,,,,,,,,,,,,,
,,,,,,,,,,,,,,,,,,,,,,,,,
,,,,,,,,,,,,,,,,,,,,,,,,,
,,,,,,,,,,,,,,,,,,,,,,,,,
,,,,,,,,,,,,,,,,,,,,,,,,,
,,,,,,,,,,,,,,,,,,,,,,,,,
,,,,,,,,,,,,,,,,,,,,,,,,,
,,,,,,,,,,,,,,,,,,,,,,,,,
,,,,,,,,,,,,,,,,,,,,,,,,,
,,,,,,,,,,,,,,,,,,,,,,,,,
,,,,,,,,,,,,,,,,,,,,,,,,,
,,,,,,,,,,,,,,,,,,,,,,,,,
,,,,,,,,,,,,,,,,,,,,,,,,,
,,,,,,,,,,,,,,,,,,,,,,,,,
,,,,,,,,,,,,,,,,,,,,,,,,,
,,,,,,,,,,,,,,,,,,,,,,,,,
,,,,,,,,,,,,,,,,,,,,,,,,,
,,,,,,,,,,,,,,,,,,,,,,,,,
,,,,,,,,,,,,,,,,,,,,,,,,,
,,,,,,,,,,,,,,,,,,,,,,,,,
,,,,,,,,,,,,,,,,,,,,,,,,,
,,,,,,,,,,,,,,,,,,,,,,,,,
,,,,,,,,,,,,,,,,,,,,,,,,,
,,,,,,,,,,,,,,,,,,,,,,,,,
,,,,,,,,,,,,,,,,,,,,,,,,,
,,,,,,,,,,,,,,,,,,,,,,,,,
,,,,,,,,,,,,,,,,,,,,,,,,,
,,,,,,,,,,,,,,,,,,,,,,,,,
,,,,,,,,,,,,,,,,,,,,,,,,,
,,,,,,,,,,,,,,,,,,,,,,,,,
,,,,,,,,,,,,,,,,,,,,,,,,,
,,,,,,,,,,,,,,,,,,,,,,,,,
,,,,,,,,,,,,,,,,,,,,,,,,,
,,,,,,,,,,,,,,,,,,,,,,,,,
,,,,,,,,,,,,,,,,,,,,,,,,,
,,,,,,,,,,,,,,,,,,,,,,,,,
,,,,,,,,,,,,,,,,,,,,,,,,,
,,,,,,,,,,,,,,,,,,,,,,,,,
,,,,,,,,,,,,,,,,,,,,,,,,,
,,,,,,,,,,,,,,,,,,,,,,,,,
,,,,,,,,,,,,,,,,,,,,,,,,,
,,,,,,,,,,,,,,,,,,,,,,,,,
,,,,,,,,,,,,,,,,,,,,,,,,,
,,,,,,,,,,,,,,,,,,,,,,,,,
,,,,,,,,,,,,,,,,,,,,,,,,,
,,,,,,,,,,,,,,,,,,,,,,,,,
,,,,,,,,,,,,,,,,,,,,,,,,,
,,,,,,,,,,,,,,,,,,,,,,,,,
,,,,,,,,,,,,,,,,,,,,,,,,,
,,,,,,,,,,,,,,,,,,,,,,,,,
,,,,,,,,,,,,,,,,,,,,,,,,,
,,,,,,,,,,,,,,,,,,,,,,,,,
,,,,,,,,,,,,,,,,,,,,,,,,,
,,,,,,,,,,,,,,,,,,,,,,,,,
,,,,,,,,,,,,,,,,,,,,,,,,,
,,,,,,,,,,,,,,,,,,,,,,,,,
,,,,,,,,,,,,,,,,,,,,,,,,,
,,,,,,,,,,,,,,,,,,,,,,,,,
,,,,,,,,,,,,,,,,,,,,,,,,,
,,,,,,,,,,,,,,,,,,,,,,,,,
,,,,,,,,,,,,,,,,,,,,,,,,,
,,,,,,,,,,,,,,,,,,,,,,,,,
,,,,,,,,,,,,,,,,,,,,,,,,,
,,,,,,,,,,,,,,,,,,,,,,,,,
,,,,,,,,,,,,,,,,,,,,,,,,,
,,,,,,,,,,,,,,,,,,,,,,,,,
,,,,,,,,,,,,,,,,,,,,,,,,,
,,,,,,,,,,,,,,,,,,,,,,,,,
,,,,,,,,,,,,,,,,,,,,,,,,,
,,,,,,,,,,,,,,,,,,,,,,,,,
,,,,,,,,,,,,,,,,,,,,,,,,,
,,,,,,,,,,,,,,,,,,,,,,,,,
,,,,,,,,,,,,,,,,,,,,,,,,,
,,,,,,,,,,,,,,,,,,,,,,,,,
,,,,,,,,,,,,,,,,,,,,,,,,,
,,,,,,,,,,,,,,,,,,,,,,,,,
,,,,,,,,,,,,,,,,,,,,,,,,,
,,,,,,,,,,,,,,,,,,,,,,,,,
,,,,,,,,,,,,,,,,,,,,,,,,,
,,,,,,,,,,,,,,,,,,,,,,,,,
,,,,,,,,,,,,,,,,,,,,,,,,,
,,,,,,,,,,,,,,,,,,,,,,,,,
,,,,,,,,,,,,,,,,,,,,,,,,,
,,,,,,,,,,,,,,,,,,,,,,,,,
,,,,,,,,,,,,,,,,,,,,,,,,,
,,,,,,,,,,,,,,,,,,,,,,,,,
,,,,,,,,,,,,,,,,,,,,,,,,,
,,,,,,,,,,,,,,,,,,,,,,,,,
,,,,,,,,,,,,,,,,,,,,,,,,,
,,,,,,,,,,,,,,,,,,,,,,,,,
,,,,,,,,,,,,,,,,,,,,,,,,,
,,,,,,,,,,,,,,,,,,,,,,,,,
,,,,,,,,,,,,,,,,,,,,,,,,,
,,,,,,,,,,,,,,,,,,,,,,,,,
,,,,,,,,,,,,,,,,,,,,,,,,,
,,,,,,,,,,,,,,,,,,,,,,,,,
,,,,,,,,,,,,,,,,,,,,,,,,,
,,,,,,,,,,,,,,,,,,,,,,,,,
,,,,,,,,,,,,,,,,,,,,,,,,,
,,,,,,,,,,,,,,,,,,,,,,,,,
,,,,,,,,,,,,,,,,,,,,,,,,,
,,,,,,,,,,,,,,,,,,,,,,,,,
,,,,,,,,,,,,,,,,,,,,,,,,,
,,,,,,,,,,,,,,,,,,,,,,,,,
,,,,,,,,,,,,,,,,,,,,,,,,,
,,,,,,,,,,,,,,,,,,,,,,,,,
,,,,,,,,,,,,,,,,,,,,,,,,,
,,,,,,,,,,,,,,,,,,,,,,,,,
,,,,,,,,,,,,,,,,,,,,,,,,,
,,,,,,,,,,,,,,,,,,,,,,,,,
,,,,,,,,,,,,,,,,,,,,,,,,,
,,,,,,,,,,,,,,,,,,,,,,,,,
,,,,,,,,,,,,,,,,,,,,,,,,,
,,,,,,,,,,,,,,,,,,,,,,,,,
,,,,,,,,,,,,,,,,,,,,,,,,,
,,,,,,,,,,,,,,,,,,,,,,,,,
,,,,,,,,,,,,,,,,,,,,,,,,,
,,,,,,,,,,,,,,,,,,,,,,,,,
,,,,,,,,,,,,,,,,,,,,,,,,,
,,,,,,,,,,,,,,,,,,,,,,,,,
,,,,,,,,,,,,,,,,,,,,,,,,,
,,,,,,,,,,,,,,,,,,,,,,,,,
,,,,,,,,,,,,,,,,,,,,,,,,,
,,,,,,,,,,,,,,,,,,,,,,,,,
,,,,,,,,,,,,,,,,,,,,,,,,,
,,,,,,,,,,,,,,,,,,,,,,,,,
,,,,,,,,,,,,,,,,,,,,,,,,,
,,,,,,,,,,,,,,,,,,,,,,,,,
,,,,,,,,,,,,,,,,,,,,,,,,,
,,,,,,,,,,,,,,,,,,,,,,,,,
,,,,,,,,,,,,,,,,,,,,,,,,,
,,,,,,,,,,,,,,,,,,,,,,,,,
,,,,,,,,,,,,,,,,,,,,,,,,,
,,,,,,,,,,,,,,,,,,,,,,,,,
,,,,,,,,,,,,,,,,,,,,,,,,,
,,,,,,,,,,,,,,,,,,,,,,,,,
,,,,,,,,,,,,,,,,,,,,,,,,,
,,,,,,,,,,,,,,,,,,,,,,,,,
,,,,,,,,,,,,,,,,,,,,,,,,,
,,,,,,,,,,,,,,,,,,,,,,,,,
,,,,,,,,,,,,,,,,,,,,,,,,,
,,,,,,,,,,,,,,,,,,,,,,,,,
,,,,,,,,,,,,,,,,,,,,,,,,,
,,,,,,,,,,,,,,,,,,,,,,,,,
,,,,,,,,,,,,,,,,,,,,,,,,,
,,,,,,,,,,,,,,,,,,,,,,,,,
,,,,,,,,,,,,,,,,,,,,,,,,,
,,,,,,,,,,,,,,,,,,,,,,,,,
,,,,,,,,,,,,,,,,,,,,,,,,,
,,,,,,,,,,,,,,,,,,,,,,,,,
,,,,,,,,,,,,,,,,,,,,,,,,,
,,,,,,,,,,,,,,,,,,,,,,,,,
,,,,,,,,,,,,,,,,,,,,,,,,,
,,,,,,,,,,,,,,,,,,,,,,,,,
,,,,,,,,,,,,,,,,,,,,,,,,,
,,,,,,,,,,,,,,,,,,,,,,,,,
,,,,,,,,,,,,,,,,,,,,,,,,,
,,,,,,,,,,,,,,,,,,,,,,,,,
,,,,,,,,,,,,,,,,,,,,,,,,,
,,,,,,,,,,,,,,,,,,,,,,,,,
,,,,,,,,,,,,,,,,,,,,,,,,,
,,,,,,,,,,,,,,,,,,,,,,,,,
,,,,,,,,,,,,,,,,,,,,,,,,,
,,,,,,,,,,,,,,,,,,,,,,,,,
,,,,,,,,,,,,,,,,,,,,,,,,,
,,,,,,,,,,,,,,,,,,,,,,,,,
,,,,,,,,,,,,,,,,,,,,,,,,,
,,,,,,,,,,,,,,,,,,,,,,,,,
,,,,,,,,,,,,,,,,,,,,,,,,,
,,,,,,,,,,,,,,,,,,,,,,,,,
,,,,,,,,,,,,,,,,,,,,,,,,,
,,,,,,,,,,,,,,,,,,,,,,,,,
,,,,,,,,,,,,,,,,,,,,,,,,,
,,,,,,,,,,,,,,,,,,,,,,,,,
,,,,,,,,,,,,,,,,,,,,,,,,,
,,,,,,,,,,,,,,,,,,,,,,,,,
,,,,,,,,,,,,,,,,,,,,,,,,,
,,,,,,,,,,,,,,,,,,,,,,,,,
,,,,,,,,,,,,,,,,,,,,,,,,,
,,,,,,,,,,,,,,,,,,,,,,,,,
,,,,,,,,,,,,,,,,,,,,,,,,,
,,,,,,,,,,,,,,,,,,,,,,,,,
,,,,,,,,,,,,,,,,,,,,,,,,,
,,,,,,,,,,,,,,,,,,,,,,,,,
,,,,,,,,,,,,,,,,,,,,,,,,,
,,,,,,,,,,,,,,,,,,,,,,,,,
,,,,,,,,,,,,,,,,,,,,,,,,,
,,,,,,,,,,,,,,,,,,,,,,,,,
,,,,,,,,,,,,,,,,,,,,,,,,,
,,,,,,,,,,,,,,,,,,,,,,,,,
,,,,,,,,,,,,,,,,,,,,,,,,,
,,,,,,,,,,,,,,,,,,,,,,,,,
,,,,,,,,,,,,,,,,,,,,,,,,,
,,,,,,,,,,,,,,,,,,,,,,,,,
,,,,,,,,,,,,,,,,,,,,,,,,,
,,,,,,,,,,,,,,,,,,,,,,,,,
,,,,,,,,,,,,,,,,,,,,,,,,,
,,,,,,,,,,,,,,,,,,,,,,,,,
,,,,,,,,,,,,,,,,,,,,,,,,,
,,,,,,,,,,,,,,,,,,,,,,,,,
,,,,,,,,,,,,,,,,,,,,,,,,,
,,,,,,,,,,,,,,,,,,,,,,,,,
,,,,,,,,,,,,,,,,,,,,,,,,,
,,,,,,,,,,,,,,,,,,,,,,,,,
,,,,,,,,,,,,,,,,,,,,,,,,,
,,,,,,,,,,,,,,,,,,,,,,,,,
,,,,,,,,,,,,,,,,,,,,,,,,,
,,,,,,,,,,,,,,,,,,,,,,,,,
,,,,,,,,,,,,,,,,,,,,,,,,,
,,,,,,,,,,,,,,,,,,,,,,,,,
,,,,,,,,,,,,,,,,,,,,,,,,,
,,,,,,,,,,,,,,,,,,,,,,,,,
,,,,,,,,,,,,,,,,,,,,,,,,,
,,,,,,,,,,,,,,,,,,,,,,,,,
,,,,,,,,,,,,,,,,,,,,,,,,,
,,,,,,,,,,,,,,,,,,,,,,,,,
,,,,,,,,,,,,,,,,,,,,,,,,,
,,,,,,,,,,,,,,,,,,,,,,,,,
,,,,,,,,,,,,,,,,,,,,,,,,,
,,,,,,,,,,,,,,,,,,,,,,,,,
,,,,,,,,,,,,,,,,,,,,,,,,,
,,,,,,,,,,,,,,,,,,,,,,,,,
,,,,,,,,,,,,,,,,,,,,,,,,,
,,,,,,,,,,,,,,,,,,,,,,,,,
,,,,,,,,,,,,,,,,,,,,,,,,,
,,,,,,,,,,,,,,,,,,,,,,,,,
,,,,,,,,,,,,,,,,,,,,,,,,,
,,,,,,,,,,,,,,,,,,,,,,,,,
,,,,,,,,,,,,,,,,,,,,,,,,,
,,,,,,,,,,,,,,,,,,,,,,,,,
,,,,,,,,,,,,,,,,,,,,,,,,,
,,,,,,,,,,,,,,,,,,,,,,,,,
,,,,,,,,,,,,,,,,,,,,,,,,,
,,,,,,,,,,,,,,,,,,,,,,,,,
,,,,,,,,,,,,,,,,,,,,,,,,,
,,,,,,,,,,,,,,,,,,,,,,,,,
,,,,,,,,,,,,,,,,,,,,,,,,,
,,,,,,,,,,,,,,,,,,,,,,,,,
,,,,,,,,,,,,,,,,,,,,,,,,,
,,,,,,,,,,,,,,,,,,,,,,,,,
,,,,,,,,,,,,,,,,,,,,,,,,,
,,,,,,,,,,,,,,,,,,,,,,,,,
,,,,,,,,,,,,,,,,,,,,,,,,,
,,,,,,,,,,,,,,,,,,,,,,,,,
,,,,,,,,,,,,,,,,,,,,,,,,,
,,,,,,,,,,,,,,,,,,,,,,,,,
,,,,,,,,,,,,,,,,,,,,,,,,,
,,,,,,,,,,,,,,,,,,,,,,,,,
,,,,,,,,,,,,,,,,,,,,,,,,,
,,,,,,,,,,,,,,,,,,,,,,,,,
,,,,,,,,,,,,,,,,,,,,,,,,,
,,,,,,,,,,,,,,,,,,,,,,,,,
,,,,,,,,,,,,,,,,,,,,,,,,,
,,,,,,,,,,,,,,,,,,,,,,,,,
,,,,,,,,,,,,,,,,,,,,,,,,,
,,,,,,,,,,,,,,,,,,,,,,,,,
,,,,,,,,,,,,,,,,,,,,,,,,,
,,,,,,,,,,,,,,,,,,,,,,,,,
,,,,,,,,,,,,,,,,,,,,,,,,,
,,,,,,,,,,,,,,,,,,,,,,,,,
,,,,,,,,,,,,,,,,,,,,,,,,,
,,,,,,,,,,,,,,,,,,,,,,,,,
,,,,,,,,,,,,,,,,,,,,,,,,,
,,,,,,,,,,,,,,,,,,,,,,,,,
,,,,,,,,,,,,,,,,,,,,,,,,,
,,,,,,,,,,,,,,,,,,,,,,,,,
,,,,,,,,,,,,,,,,,,,,,,,,,
,,,,,,,,,,,,,,,,,,,,,,,,,
,,,,,,,,,,,,,,,,,,,,,,,,,
,,,,,,,,,,,,,,,,,,,,,,,,,
,,,,,,,,,,,,,,,,,,,,,,,,,
,,,,,,,,,,,,,,,,,,,,,,,,,
,,,,,,,,,,,,,,,,,,,,,,,,,
,,,,,,,,,,,,,,,,,,,,,,,,,
,,,,,,,,,,,,,,,,,,,,,,,,,
,,,,,,,,,,,,,,,,,,,,,,,,,
,,,,,,,,,,,,,,,,,,,,,,,,,
,,,,,,,,,,,,,,,,,,,,,,,,,
,,,,,,,,,,,,,,,,,,,,,,,,,
,,,,,,,,,,,,,,,,,,,,,,,,,
,,,,,,,,,,,,,,,,,,,,,,,,,
,,,,,,,,,,,,,,,,,,,,,,,,,
,,,,,,,,,,,,,,,,,,,,,,,,,
,,,,,,,,,,,,,,,,,,,,,,,,,
,,,,,,,,,,,,,,,,,,,,,,,,,
,,,,,,,,,,,,,,,,,,,,,,,,,
,,,,,,,,,,,,,,,,,,,,,,,,,
,,,,,,,,,,,,,,,,,,,,,,,,,
,,,,,,,,,,,,,,,,,,,,,,,,,
,,,,,,,,,,,,,,,,,,,,,,,,,
,,,,,,,,,,,,,,,,,,,,,,,,,
,,,,,,,,,,,,,,,,,,,,,,,,,
,,,,,,,,,,,,,,,,,,,,,,,,,
,,,,,,,,,,,,,,,,,,,,,,,,,
,,,,,,,,,,,,,,,,,,,,,,,,,
,,,,,,,,,,,,,,,,,,,,,,,,,
,,,,,,,,,,,,,,,,,,,,,,,,,
,,,,,,,,,,,,,,,,,,,,,,,,,
,,,,,,,,,,,,,,,,,,,,,,,,,
,,,,,,,,,,,,,,,,,,,,,,,,,
,,,,,,,,,,,,,,,,,,,,,,,,,
,,,,,,,,,,,,,,,,,,,,,,,,,
,,,,,,,,,,,,,,,,,,,,,,,,,
,,,,,,,,,,,,,,,,,,,,,,,,,
,,,,,,,,,,,,,,,,,,,,,,,,,
,,,,,,,,,,,,,,,,,,,,,,,,,
,,,,,,,,,,,,,,,,,,,,,,,,,
,,,,,,,,,,,,,,,,,,,,,,,,,
,,,,,,,,,,,,,,,,,,,,,,,,,
,,,,,,,,,,,,,,,,,,,,,,,,,
,,,,,,,,,,,,,,,,,,,,,,,,,
,,,,,,,,,,,,,,,,,,,,,,,,,
,,,,,,,,,,,,,,,,,,,,,,,,,
,,,,,,,,,,,,,,,,,,,,,,,,,
,,,,,,,,,,,,,,,,,,,,,,,,,
,,,,,,,,,,,,,,,,,,,,,,,,,
,,,,,,,,,,,,,,,,,,,,,,,,,
,,,,,,,,,,,,,,,,,,,,,,,,,
,,,,,,,,,,,,,,,,,,,,,,,,,
,,,,,,,,,,,,,,,,,,,,,,,,,
,,,,,,,,,,,,,,,,,,,,,,,,,
,,,,,,,,,,,,,,,,,,,,,,,,,
,,,,,,,,,,,,,,,,,,,,,,,,,
,,,,,,,,,,,,,,,,,,,,,,,,,
,,,,,,,,,,,,,,,,,,,,,,,,,
,,,,,,,,,,,,,,,,,,,,,,,,,
,,,,,,,,,,,,,,,,,,,,,,,,,
,,,,,,,,,,,,,,,,,,,,,,,,,
,,,,,,,,,,,,,,,,,,,,,,,,,
,,,,,,,,,,,,,,,,,,,,,,,,,
,,,,,,,,,,,,,,,,,,,,,,,,,
,,,,,,,,,,,,,,,,,,,,,,,,,
,,,,,,,,,,,,,,,,,,,,,,,,,
,,,,,,,,,,,,,,,,,,,,,,,,,
,,,,,,,,,,,,,,,,,,,,,,,,,
,,,,,,,,,,,,,,,,,,,,,,,,,
,,,,,,,,,,,,,,,,,,,,,,,,,
,,,,,,,,,,,,,,,,,,,,,,,,,
,,,,,,,,,,,,,,,,,,,,,,,,,
,,,,,,,,,,,,,,,,,,,,,,,,,
,,,,,,,,,,,,,,,,,,,,,,,,,
,,,,,,,,,,,,,,,,,,,,,,,,,
,,,,,,,,,,,,,,,,,,,,,,,,,
,,,,,,,,,,,,,,,,,,,,,,,,,
,,,,,,,,,,,,,,,,,,,,,,,,,
,,,,,,,,,,,,,,,,,,,,,,,,,
,,,,,,,,,,,,,,,,,,,,,,,,,
,,,,,,,,,,,,,,,,,,,,,,,,,
,,,,,,,,,,,,,,,,,,,,,,,,,
,,,,,,,,,,,,,,,,,,,,,,,,,
,,,,,,,,,,,,,,,,,,,,,,,,,
,,,,,,,,,,,,,,,,,,,,,,,,,
,,,,,,,,,,,,,,,,,,,,,,,,,
,,,,,,,,,,,,,,,,,,,,,,,,,
,,,,,,,,,,,,,,,,,,,,,,,,,
,,,,,,,,,,,,,,,,,,,,,,,,,
,,,,,,,,,,,,,,,,,,,,,,,,,
,,,,,,,,,,,,,,,,,,,,,,,,,
,,,,,,,,,,,,,,,,,,,,,,,,,
,,,,,,,,,,,,,,,,,,,,,,,,,
,,,,,,,,,,,,,,,,,,,,,,,,,
,,,,,,,,,,,,,,,,,,,,,,,,,
,,,,,,,,,,,,,,,,,,,,,,,,,
,,,,,,,,,,,,,,,,,,,,,,,,,
,,,,,,,,,,,,,,,,,,,,,,,,,
,,,,,,,,,,,,,,,,,,,,,,,,,
,,,,,,,,,,,,,,,,,,,,,,,,,
,,,,,,,,,,,,,,,,,,,,,,,,,
,,,,,,,,,,,,,,,,,,,,,,,,,
,,,,,,,,,,,,,,,,,,,,,,,,,
,,,,,,,,,,,,,,,,,,,,,,,,,
,,,,,,,,,,,,,,,,,,,,,,,,,
,,,,,,,,,,,,,,,,,,,,,,,,,
,,,,,,,,,,,,,,,,,,,,,,,,,
,,,,,,,,,,,,,,,,,,,,,,,,,
,,,,,,,,,,,,,,,,,,,,,,,,,
,,,,,,,,,,,,,,,,,,,,,,,,,
,,,,,,,,,,,,,,,,,,,,,,,,,
,,,,,,,,,,,,,,,,,,,,,,,,,
,,,,,,,,,,,,,,,,,,,,,,,,,
,,,,,,,,,,,,,,,,,,,,,,,,,
,,,,,,,,,,,,,,,,,,,,,,,,,
,,,,,,,,,,,,,,,,,,,,,,,,,
,,,,,,,,,,,,,,,,,,,,,,,,,
,,,,,,,,,,,,,,,,,,,,,,,,,
,,,,,,,,,,,,,,,,,,,,,,,,,
,,,,,,,,,,,,,,,,,,,,,,,,,
,,,,,,,,,,,,,,,,,,,,,,,,,
,,,,,,,,,,,,,,,,,,,,,,,,,
,,,,,,,,,,,,,,,,,,,,,,,,,
,,,,,,,,,,,,,,,,,,,,,,,,,
,,,,,,,,,,,,,,,,,,,,,,,,,
,,,,,,,,,,,,,,,,,,,,,,,,,
,,,,,,,,,,,,,,,,,,,,,,,,,
,,,,,,,,,,,,,,,,,,,,,,,,,
,,,,,,,,,,,,,,,,,,,,,,,,,
,,,,,,,,,,,,,,,,,,,,,,,,,
,,,,,,,,,,,,,,,,,,,,,,,,,
,,,,,,,,,,,,,,,,,,,,,,,,,
,,,,,,,,,,,,,,,,,,,,,,,,,
,,,,,,,,,,,,,,,,,,,,,,,,,
,,,,,,,,,,,,,,,,,,,,,,,,,
,,,,,,,,,,,,,,,,,,,,,,,,,
,,,,,,,,,,,,,,,,,,,,,,,,,
,,,,,,,,,,,,,,,,,,,,,,,,,
,,,,,,,,,,,,,,,,,,,,,,,,,
,,,,,,,,,,,,,,,,,,,,,,,,,
,,,,,,,,,,,,,,,,,,,,,,,,,
,,,,,,,,,,,,,,,,,,,,,,,,,
,,,,,,,,,,,,,,,,,,,,,,,,,
,,,,,,,,,,,,,,,,,,,,,,,,,
,,,,,,,,,,,,,,,,,,,,,,,,,
,,,,,,,,,,,,,,,,,,,,,,,,,
,,,,,,,,,,,,,,,,,,,,,,,,,
,,,,,,,,,,,,,,,,,,,,,,,,,
,,,,,,,,,,,,,,,,,,,,,,,,,
,,,,,,,,,,,,,,,,,,,,,,,,,
,,,,,,,,,,,,,,,,,,,,,,,,,
,,,,,,,,,,,,,,,,,,,,,,,,,
,,,,,,,,,,,,,,,,,,,,,,,,,
,,,,,,,,,,,,,,,,,,,,,,,,,
,,,,,,,,,,,,,,,,,,,,,,,,,
,,,,,,,,,,,,,,,,,,,,,,,,,
,,,,,,,,,,,,,,,,,,,,,,,,,
,,,,,,,,,,,,,,,,,,,,,,,,,
,,,,,,,,,,,,,,,,,,,,,,,,,
,,,,,,,,,,,,,,,,,,,,,,,,,
,,,,,,,,,,,,,,,,,,,,,,,,,
,,,,,,,,,,,,,,,,,,,,,,,,,
,,,,,,,,,,,,,,,,,,,,,,,,,
,,,,,,,,,,,,,,,,,,,,,,,,,
,,,,,,,,,,,,,,,,,,,,,,,,,
,,,,,,,,,,,,,,,,,,,,,,,,,
,,,,,,,,,,,,,,,,,,,,,,,,,
,,,,,,,,,,,,,,,,,,,,,,,,,
,,,,,,,,,,,,,,,,,,,,,,,,,
,,,,,,,,,,,,,,,,,,,,,,,,,
,,,,,,,,,,,,,,,,,,,,,,,,,
,,,,,,,,,,,,,,,,,,,,,,,,,
,,,,,,,,,,,,,,,,,,,,,,,,,
,,,,,,,,,,,,,,,,,,,,,,,,,
,,,,,,,,,,,,,,,,,,,,,,,,,
,,,,,,,,,,,,,,,,,,,,,,,,,
,,,,,,,,,,,,,,,,,,,,,,,,,
,,,,,,,,,,,,,,,,,,,,,,,,,
,,,,,,,,,,,,,,,,,,,,,,,,,
,,,,,,,,,,,,,,,,,,,,,,,,,
,,,,,,,,,,,,,,,,,,,,,,,,,
,,,,,,,,,,,,,,,,,,,,,,,,,
,,,,,,,,,,,,,,,,,,,,,,,,,
,,,,,,,,,,,,,,,,,,,,,,,,,
,,,,,,,,,,,,,,,,,,,,,,,,,
,,,,,,,,,,,,,,,,,,,,,,,,,
,,,,,,,,,,,,,,,,,,,,,,,,,
,,,,,,,,,,,,,,,,,,,,,,,,,
,,,,,,,,,,,,,,,,,,,,,,,,,
,,,,,,,,,,,,,,,,,,,,,,,,,
,,,,,,,,,,,,,,,,,,,,,,,,,
,,,,,,,,,,,,,,,,,,,,,,,,,
,,,,,,,,,,,,,,,,,,,,,,,,,
,,,,,,,,,,,,,,,,,,,,,,,,,
,,,,,,,,,,,,,,,,,,,,,,,,,
,,,,,,,,,,,,,,,,,,,,,,,,,
,,,,,,,,,,,,,,,,,,,,,,,,,
,,,,,,,,,,,,,,,,,,,,,,,,,
,,,,,,,,,,,,,,,,,,,,,,,,,
,,,,,,,,,,,,,,,,,,,,,,,,,
,,,,,,,,,,,,,,,,,,,,,,,,,
,,,,,,,,,,,,,,,,,,,,,,,,,
,,,,,,,,,,,,,,,,,,,,,,,,,
,,,,,,,,,,,,,,,,,,,,,,,,,
,,,,,,,,,,,,,,,,,,,,,,,,,
,,,,,,,,,,,,,,,,,,,,,,,,,
,,,,,,,,,,,,,,,,,,,,,,,,,
,,,,,,,,,,,,,,,,,,,,,,,,,
,,,,,,,,,,,,,,,,,,,,,,,,,
,,,,,,,,,,,,,,,,,,,,,,,,,
,,,,,,,,,,,,,,,,,,,,,,,,,
,,,,,,,,,,,,,,,,,,,,,,,,,
,,,,,,,,,,,,,,,,,,,,,,,,,
,,,,,,,,,,,,,,,,,,,,,,,,,
,,,,,,,,,,,,,,,,,,,,,,,,,
,,,,,,,,,,,,,,,,,,,,,,,,,
,,,,,,,,,,,,,,,,,,,,,,,,,
,,,,,,,,,,,,,,,,,,,,,,,,,
,,,,,,,,,,,,,,,,,,,,,,,,,
,,,,,,,,,,,,,,,,,,,,,,,,,
,,,,,,,,,,,,,,,,,,,,,,,,,
,,,,,,,,,,,,,,,,,,,,,,,,,
,,,,,,,,,,,,,,,,,,,,,,,,,
,,,,,,,,,,,,,,,,,,,,,,,,,
,,,,,,,,,,,,,,,,,,,,,,,,,
,,,,,,,,,,,,,,,,,,,,,,,,,
,,,,,,,,,,,,,,,,,,,,,,,,,
,,,,,,,,,,,,,,,,,,,,,,,,,
,,,,,,,,,,,,,,,,,,,,,,,,,
,,,,,,,,,,,,,,,,,,,,,,,,,
,,,,,,,,,,,,,,,,,,,,,,,,,
,,,,,,,,,,,,,,,,,,,,,,,,,
,,,,,,,,,,,,,,,,,,,,,,,,,
,,,,,,,,,,,,,,,,,,,,,,,,,
,,,,,,,,,,,,,,,,,,,,,,,,,
,,,,,,,,,,,,,,,,,,,,,,,,,
,,,,,,,,,,,,,,,,,,,,,,,,,
,,,,,,,,,,,,,,,,,,,,,,,,,
,,,,,,,,,,,,,,,,,,,,,,,,,
,,,,,,,,,,,,,,,,,,,,,,,,,
,,,,,,,,,,,,,,,,,,,,,,,,,
,,,,,,,,,,,,,,,,,,,,,,,,,
,,,,,,,,,,,,,,,,,,,,,,,,,
,,,,,,,,,,,,,,,,,,,,,,,,,
,,,,,,,,,,,,,,,,,,,,,,,,,
,,,,,,,,,,,,,,,,,,,,,,,,,
,,,,,,,,,,,,,,,,,,,,,,,,,
,,,,,,,,,,,,,,,,,,,,,,,,,
,,,,,,,,,,,,,,,,,,,,,,,,,
,,,,,,,,,,,,,,,,,,,,,,,,,
,,,,,,,,,,,,,,,,,,,,,,,,,
,,,,,,,,,,,,,,,,,,,,,,,,,
,,,,,,,,,,,,,,,,,,,,,,,,,
,,,,,,,,,,,,,,,,,,,,,,,,,
,,,,,,,,,,,,,,,,,,,,,,,,,
,,,,,,,,,,,,,,,,,,,,,,,,,
,,,,,,,,,,,,,,,,,,,,,,,,,
,,,,,,,,,,,,,,,,,,,,,,,,,
,,,,,,,,,,,,,,,,,,,,,,,,,
,,,,,,,,,,,,,,,,,,,,,,,,,
,,,,,,,,,,,,,,,,,,,,,,,,,
,,,,,,,,,,,,,,,,,,,,,,,,,
,,,,,,,,,,,,,,,,,,,,,,,,,
,,,,,,,,,,,,,,,,,,,,,,,,,
,,,,,,,,,,,,,,,,,,,,,,,,,
,,,,,,,,,,,,,,,,,,,,,,,,,
,,,,,,,,,,,,,,,,,,,,,,,,,
,,,,,,,,,,,,,,,,,,,,,,,,,
,,,,,,,,,,,,,,,,,,,,,,,,,
,,,,,,,,,,,,,,,,,,,,,,,,,
,,,,,,,,,,,,,,,,,,,,,,,,,
,,,,,,,,,,,,,,,,,,,,,,,,,
,,,,,,,,,,,,,,,,,,,,,,,,,
,,,,,,,,,,,,,,,,,,,,,,,,,
,,,,,,,,,,,,,,,,,,,,,,,,,
,,,,,,,,,,,,,,,,,,,,,,,,,
,,,,,,,,,,,,,,,,,,,,,,,,,
,,,,,,,,,,,,,,,,,,,,,,,,,
,,,,,,,,,,,,,,,,,,,,,,,,,
,,,,,,,,,,,,,,,,,,,,,,,,,
,,,,,,,,,,,,,,,,,,,,,,,,,
,,,,,,,,,,,,,,,,,,,,,,,,,
,,,,,,,,,,,,,,,,,,,,,,,,,
,,,,,,,,,,,,,,,,,,,,,,,,,
,,,,,,,,,,,,,,,,,,,,,,,,,
,,,,,,,,,,,,,,,,,,,,,,,,,
,,,,,,,,,,,,,,,,,,,,,,,,,
,,,,,,,,,,,,,,,,,,,,,,,,,
,,,,,,,,,,,,,,,,,,,,,,,,,
,,,,,,,,,,,,,,,,,,,,,,,,,
,,,,,,,,,,,,,,,,,,,,,,,,,
,,,,,,,,,,,,,,,,,,,,,,,,,
,,,,,,,,,,,,,,,,,,,,,,,,,
,,,,,,,,,,,,,,,,,,,,,,,,,
,,,,,,,,,,,,,,,,,,,,,,,,,
,,,,,,,,,,,,,,,,,,,,,,,,,
,,,,,,,,,,,,,,,,,,,,,,,,,
,,,,,,,,,,,,,,,,,,,,,,,,,
,,,,,,,,,,,,,,,,,,,,,,,,,
,,,,,,,,,,,,,,,,,,,,,,,,,
,,,,,,,,,,,,,,,,,,,,,,,,,
,,,,,,,,,,,,,,,,,,,,,,,,,
,,,,,,,,,,,,,,,,,,,,,,,,,
,,,,,,,,,,,,,,,,,,,,,,,,,
,,,,,,,,,,,,,,,,,,,,,,,,,
,,,,,,,,,,,,,,,,,,,,,,,,,
,,,,,,,,,,,,,,,,,,,,,,,,,
,,,,,,,,,,,,,,,,,,,,,,,,,
,,,,,,,,,,,,,,,,,,,,,,,,,
,,,,,,,,,,,,,,,,,,,,,,,,,
,,,,,,,,,,,,,,,,,,,,,,,,,
,,,,,,,,,,,,,,,,,,,,,,,,,
,,,,,,,,,,,,,,,,,,,,,,,,,
,,,,,,,,,,,,,,,,,,,,,,,,,
,,,,,,,,,,,,,,,,,,,,,,,,,
,,,,,,,,,,,,,,,,,,,,,,,,,
,,,,,,,,,,,,,,,,,,,,,,,,,
,,,,,,,,,,,,,,,,,,,,,,,,,
,,,,,,,,,,,,,,,,,,,,,,,,,
,,,,,,,,,,,,,,,,,,,,,,,,,
,,,,,,,,,,,,,,,,,,,,,,,,,
,,,,,,,,,,,,,,,,,,,,,,,,,
,,,,,,,,,,,,,,,,,,,,,,,,,
,,,,,,,,,,,,,,,,,,,,,,,,,
,,,,,,,,,,,,,,,,,,,,,,,,,
,,,,,,,,,,,,,,,,,,,,,,,,,
,,,,,,,,,,,,,,,,,,,,,,,,,
,,,,,,,,,,,,,,,,,,,,,,,,,
,,,,,,,,,,,,,,,,,,,,,,,,,
,,,,,,,,,,,,,,,,,,,,,,,,,
,,,,,,,,,,,,,,,,,,,,,,,,,
,,,,,,,,,,,,,,,,,,,,,,,,,
,,,,,,,,,,,,,,,,,,,,,,,,,
,,,,,,,,,,,,,,,,,,,,,,,,,
,,,,,,,,,,,,,,,,,,,,,,,,,
,,,,,,,,,,,,,,,,,,,,,,,,,
,,,,,,,,,,,,,,,,,,,,,,,,,
,,,,,,,,,,,,,,,,,,,,,,,,,
,,,,,,,,,,,,,,,,,,,,,,,,,
,,,,,,,,,,,,,,,,,,,,,,,,,
,,,,,,,,,,,,,,,,,,,,,,,,,
,,,,,,,,,,,,,,,,,,,,,,,,,
,,,,,,,,,,,,,,,,,,,,,,,,,
,,,,,,,,,,,,,,,,,,,,,,,,,
,,,,,,,,,,,,,,,,,,,,,,,,,
,,,,,,,,,,,,,,,,,,,,,,,,,
,,,,,,,,,,,,,,,,,,,,,,,,,
,,,,,,,,,,,,,,,,,,,,,,,,,
,,,,,,,,,,,,,,,,,,,,,,,,,
,,,,,,,,,,,,,,,,,,,,,,,,,
,,,,,,,,,,,,,,,,,,,,,,,,,
,,,,,,,,,,,,,,,,,,,,,,,,,
,,,,,,,,,,,,,,,,,,,,,,,,,
,,,,,,,,,,,,,,,,,,,,,,,,,
,,,,,,,,,,,,,,,,,,,,,,,,,
,,,,,,,,,,,,,,,,,,,,,,,,,
,,,,,,,,,,,,,,,,,,,,,,,,,
,,,,,,,,,,,,,,,,,,,,,,,,,
,,,,,,,,,,,,,,,,,,,,,,,,,
,,,,,,,,,,,,,,,,,,,,,,,,,
,,,,,,,,,,,,,,,,,,,,,,,,,
,,,,,,,,,,,,,,,,,,,,,,,,,
,,,,,,,,,,,,,,,,,,,,,,,,,
,,,,,,,,,,,,,,,,,,,,,,,,,
,,,,,,,,,,,,,,,,,,,,,,,,,
,,,,,,,,,,,,,,,,,,,,,,,,,
,,,,,,,,,,,,,,,,,,,,,,,,,
,,,,,,,,,,,,,,,,,,,,,,,,,
,,,,,,,,,,,,,,,,,,,,,,,,,
,,,,,,,,,,,,,,,,,,,,,,,,,
,,,,,,,,,,,,,,,,,,,,,,,,,
,,,,,,,,,,,,,,,,,,,,,,,,,
,,,,,,,,,,,,,,,,,,,,,,,,,
,,,,,,,,,,,,,,,,,,,,,,,,,
,,,,,,,,,,,,,,,,,,,,,,,,,
,,,,,,,,,,,,,,,,,,,,,,,,,
,,,,,,,,,,,,,,,,,,,,,,,,,
,,,,,,,,,,,,,,,,,,,,,,,,,
,,,,,,,,,,,,,,,,,,,,,,,,,
,,,,,,,,,,,,,,,,,,,,,,,,,
,,,,,,,,,,,,,,,,,,,,,,,,,
,,,,,,,,,,,,,,,,,,,,,,,,,
,,,,,,,,,,,,,,,,,,,,,,,,,
,,,,,,,,,,,,,,,,,,,,,,,,,
,,,,,,,,,,,,,,,,,,,,,,,,,
,,,,,,,,,,,,,,,,,,,,,,,,,
,,,,,,,,,,,,,,,,,,,,,,,,,
,,,,,,,,,,,,,,,,,,,,,,,,,
,,,,,,,,,,,,,,,,,,,,,,,,,
,,,,,,,,,,,,,,,,,,,,,,,,,
,,,,,,,,,,,,,,,,,,,,,,,,,
,,,,,,,,,,,,,,,,,,,,,,,,,
,,,,,,,,,,,,,,,,,,,,,,,,,
,,,,,,,,,,,,,,,,,,,,,,,,,
,,,,,,,,,,,,,,,,,,,,,,,,,
,,,,,,,,,,,,,,,,,,,,,,,,,
,,,,,,,,,,,,,,,,,,,,,,,,,
,,,,,,,,,,,,,,,,,,,,,,,,,
,,,,,,,,,,,,,,,,,,,,,,,,,
,,,,,,,,,,,,,,,,,,,,,,,,,
,,,,,,,,,,,,,,,,,,,,,,,,,
,,,,,,,,,,,,,,,,,,,,,,,,,
,,,,,,,,,,,,,,,,,,,,,,,,,
,,,,,,,,,,,,,,,,,,,,,,,,,
,,,,,,,,,,,,,,,,,,,,,,,,,
,,,,,,,,,,,,,,,,,,,,,,,,,
,,,,,,,,,,,,,,,,,,,,,,,,,
,,,,,,,,,,,,,,,,,,,,,,,,,
,,,,,,,,,,,,,,,,,,,,,,,,,
,,,,,,,,,,,,,,,,,,,,,,,,,
,,,,,,,,,,,,,,,,,,,,,,,,,
,,,,,,,,,,,,,,,,,,,,,,,,,
,,,,,,,,,,,,,,,,,,,,,,,,,
,,,,,,,,,,,,,,,,,,,,,,,,,
,,,,,,,,,,,,,,,,,,,,,,,,,
,,,,,,,,,,,,,,,,,,,,,,,,,
,,,,,,,,,,,,,,,,,,,,,,,,,
,,,,,,,,,,,,,,,,,,,,,,,,,
,,,,,,,,,,,,,,,,,,,,,,,,,
,,,,,,,,,,,,,,,,,,,,,,,,,
,,,,,,,,,,,,,,,,,,,,,,,,,
,,,,,,,,,,,,,,,,,,,,,,,,,
,,,,,,,,,,,,,,,,,,,,,,,,,
,,,,,,,,,,,,,,,,,,,,,,,,,
,,,,,,,,,,,,,,,,,,,,,,,,,
,,,,,,,,,,,,,,,,,,,,,,,,,
,,,,,,,,,,,,,,,,,,,,,,,,,
,,,,,,,,,,,,,,,,,,,,,,,,,
,,,,,,,,,,,,,,,,,,,,,,,,,
,,,,,,,,,,,,,,,,,,,,,,,,,
,,,,,,,,,,,,,,,,,,,,,,,,,
,,,,,,,,,,,,,,,,,,,,,,,,,
,,,,,,,,,,,,,,,,,,,,,,,,,
,,,,,,,,,,,,,,,,,,,,,,,,,
,,,,,,,,,,,,,,,,,,,,,,,,,
,,,,,,,,,,,,,,,,,,,,,,,,,
,,,,,,,,,,,,,,,,,,,,,,,,,
,,,,,,,,,,,,,,,,,,,,,,,,,
,,,,,,,,,,,,,,,,,,,,,,,,,
,,,,,,,,,,,,,,,,,,,,,,,,,
,,,,,,,,,,,,,,,,,,,,,,,,,
,,,,,,,,,,,,,,,,,,,,,,,,,
,,,,,,,,,,,,,,,,,,,,,,,,,
,,,,,,,,,,,,,,,,,,,,,,,,,
,,,,,,,,,,,,,,,,,,,,,,,,,
,,,,,,,,,,,,,,,,,,,,,,,,,
,,,,,,,,,,,,,,,,,,,,,,,,,
,,,,,,,,,,,,,,,,,,,,,,,,,
,,,,,,,,,,,,,,,,,,,,,,,,,
,,,,,,,,,,,,,,,,,,,,,,,,,
,,,,,,,,,,,,,,,,,,,,,,,,,
,,,,,,,,,,,,,,,,,,,,,,,,,
,,,,,,,,,,,,,,,,,,,,,,,,,
,,,,,,,,,,,,,,,,,,,,,,,,,
,,,,,,,,,,,,,,,,,,,,,,,,,
,,,,,,,,,,,,,,,,,,,,,,,,,
,,,,,,,,,,,,,,,,,,,,,,,,,
,,,,,,,,,,,,,,,,,,,,,,,,,
,,,,,,,,,,,,,,,,,,,,,,,,,
,,,,,,,,,,,,,,,,,,,,,,,,,
,,,,,,,,,,,,,,,,,,,,,,,,,
PIC,SYARIKAT,KOD ITEM,TAJUK ,NILAI KONTRAK,MESY KELULUSAN ,NO KONTRAK & PEROLEHAN,TEMPOH KONTRAK ,PEROLEHAN,T,SB,STATUS KONTRAK,STATUS,TARIKH MULA,TARIKH TAMAT ,"TEMPOH 
PENYEDIAAN DOKUMEN  ",PERINGATAN TARIKH PENYEDIAAN SPESIFIKASI ,PENYEDIAAN SPESIFIKASI,HARI ,STATUS ,IKLAN ,TICK,TERIMA DOKUMEN/SAMPLE TEKNIKAL,TICK,MESY TEKNIKAL,TICK
,,,,,,,,,,,,,,,,30/12/1899,,0,,,,,,,
,,,,,,,,,,,,,,,,30/12/1899,,0,,,,,,,
,,,,,,,,,,,,,,,,30/12/1899,,0,,,,,,,
,,,,,,,,,,,,,,,,30/12/1899,,0,,,,,,,
,,,,,,,,,,,,,,,,30/12/1899,,0,,,,,,,
,,,,,,,,,,,,,,,,30/12/1899,,0,,,,,,,
,,,,,,,,,,,,,,,,30/12/1899,,0,,,,,,,
,,,,,,,,,,,,,,,,30/12/1899,,0,,,,,,,
,,,,,,,,,,,,,,,,30/12/1899,,0,,,,,,,
,,,,,,,,,,,,,,,,30/12/1899,,0,,,,,,,
,,,,,,,,,,,,,,,,30/12/1899,,0,,,,,,,
,,,,,,,,,,,,,,,,30/12/1899,,0,,,,,,,
,,,,,,,,,,,,,,,,30/12/1899,,0,,,,,,,
,,,,,,,,,,,,,,,,30/12/1899,,0,,,,,,,
,,,,,,,,,,,,,,,,30/12/1899,,0,,,,,,,
,,,,,,,,,,,,,,,,30/12/1899,,0,,,,,,,
,,,,,,,,,,,,,,,,30/12/1899,,0,,,,,,,
,,,,,,,,,,,,,,,,30/12/1899,,0,,,,,,,
,,,,,,,,,,,,,,,,30/12/1899,,0,,,,,,,
,,,,,,,,,,,,,,,,30/12/1899,,0,,,,,,,
,,,,,,,,,,,,,,,,30/12/1899,,0,,,,,,,
,,,,,,,,,,,,,,,,30/12/1899,,0,,,,,,,
,,,,,,,,,,,,,,,,30/12/1899,,0,,,,,,,
,,,,,,,,,,,,,,,,30/12/1899,,0,,,,,,,
,,,,,,,,,,,,,,,,30/12/1899,,0,,,,,,,
,,,,,,,,,,,,,,,,30/12/1899,,0,,,,,,,
,,,,,,,,,,,,,,,,30/12/1899,,0,,,,,,,
,,,,,,,,,,,,,,,,30/12/1899,,0,,,,,,,
,,,,,,,,,,,,,,,,30/12/1899,,0,,,,,,,
,,,,,,,,,,,,,,,,30/12/1899,,0,,,,,,,
,,,,,,,,,,,,,,,,30/12/1899,,0,,,,,,,
,,,,,,,,,,,,,,,,30/12/1899,,0,,,,,,,
,,,,,,,,,,,,,,,,30/12/1899,,0,,,,,,,
,,,,,,,,,,,,,,,,30/12/1899,,0,,,,,,,
,,,,,,,,,,,,,,,,30/12/1899,,0,,,,,,,
,,,,,,,,,,,,,,,,30/12/1899,,0,,,,,,,
,,,,,,,,,,,,,,,,30/12/1899,,0,,,,,,,
,,,,,,,,,,,,,,,,30/12/1899,,0,,,,,,,
,,,,,,,,,,,,,,,,30/12/1899,,0,,,,,,,
,,,,,,,,,,,,,,,,30/12/1899,,0,,,,,,,
,,,,,,,,,,,,,,,,30/12/1899,,0,,,,,,,
,,,,,,,,,,,,,,,,30/12/1899,,0,,,,,,,
,,,,,,,,,,,,,,,,30/12/1899,,0,,,,,,,
,,,,,,,,,,,,,,,,30/12/1899,,0,,,,,,,
,,,,,,,,,,,,,,,,30/12/1899,,0,,,,,,,
,,,,,,,,,,,,,,,,30/12/1899,,0,,,,,,,
,,,,,,,,,,,,,,,,30/12/1899,,0,,,,,,,
,,,,,,,,,,,,,,,,30/12/1899,,0,,,,,,,
,,,,,,,,,,,,,,,,30/12/1899,,0,,,,,,,
,,,,,,,,,,,,,,,,30/12/1899,,0,,,,,,,
,,,,,,,,,,,,,,,,30/12/1899,,0,,,,,,,
,,,,,,,,,,,,,,,,30/12/1899,,0,,,,,,,
,,,,,,,,,,,,,,,,30/12/1899,,0,,,,,,,
,,,,,,,,,,,,,,,,30/12/1899,,0,,,,,,,
,,,,,,,,,,,,,,,,30/12/1899,,0,,,,,,,
,,,,,,,,,,,,,,,,30/12/1899,,0,,,,,,,
,,,,,,,,,,,,,,,,30/12/1899,,0,,,,,,,
,,,,,,,,,,,,,,,,30/12/1899,,0,,,,,,,
,,,,,,,,,,,,,,,,30/12/1899,,0,,,,,,,
,,,,,,,,,,,,,,,,30/12/1899,,0,,,,,,,
,,,,,,,,,,,,,,,,30/12/1899,,0,,,,,,,
,,,,,,,,,,,,,,,,30/12/1899,,0,,,,,,,
,,,,,,,,,,,,,,,,30/12/1899,,0,,,,,,,
,,,,,,,,,,,,,,,,30/12/1899,,0,,,,,,,
,,,,,,,,,,,,,,,,30/12/1899,,0,,,,,,,
,,,,,,,,,,,,,,,,30/12/1899,,0,,,,,,,
,,,,,,,,,,,,,,,,30/12/1899,,0,,,,,,,
,,,,,,,,,,,,,,,,30/12/1899,,0,,,,,,,
,,,,,,,,,,,,,,,,30/12/1899,,0,,,,,,,
,,,,,,,,,,,,,,,,30/12/1899,,0,,,,,,,
,,,,,,,,,,,,,,,,30/12/1899,,0,,,,,,,
,,,,,,,,,,,,,,,,30/12/1899,,0,,,,,,,
,,,,,,,,,,,,,,,,30/12/1899,,0,,,,,,,
,,,,,,,,,,,,,,,,30/12/1899,,0,,,,,,,
,,,,,,,,,,,,,,,,30/12/1899,,0,,,,,,,
,,,,,,,,,,,,,,,,30/12/1899,,0,,,,,,,
,,,,,,,,,,,,,,,,30/12/1899,,0,,,,,,,
,,,,,,,,,,,,,,,,30/12/1899,,0,,,,,,,
,,,,,,,,,,,,,,,,30/12/1899,,0,,,,,,,
,,,,,,,,,,,,,,,,30/12/1899,,0,,,,,,,
,,,,,,,,,,,,,,,,30/12/1899,,0,,,,,,,
,,,,,,,,,,,,,,,,30/12/1899,,0,,,,,,,
,,,,,,,,,,,,,,,,30/12/1899,,0,,,,,,,
,,,,,,,,,0,0,,,,,,,,,,,0,,0,,0